4770070879474;ACME;4770070879474;Акустична колонка ACME PS101 Portable Bluetooth speaker;3.84;4.99;8518210090;Y
4770070879498;ACME;4770070879498;Акустична колонка ACME PS303 Portable Bluetooth speaker;12.69;14.99;8518210090;N
4770070879993;ACME;4770070879993;Акустична колонка ACME PS407 Bluetooth Outdoor speaker;11.59;13.99;8518210090;N
4770070880005;ACME;4770070880005;Акустична колонка ACME PS408 Bluetooth Outdoor speaker;14.75;17.99;8518210090;Y
4770070874929;ACME;4770070874929;Акустична колонка ACME SP104B Muffin Bluetooth speaker / Black;4.13;4.99;8518210090;N
4770070875544;ACME;4770070875544;Акустична колонка ACME SP107 Tower Bluetooth Speaker;16.82;20.00;8518210090;N
4770070877098;ACME;4770070877098;Акустична колонка ACME SP109 Dynamic Bluetooth speaker/ Black;3.36;4.00;8518210090;N
4770070879405;ACME;4770070879405;Акустична колонка ACME SP109R Dynamic Bluetooth speaker/ Red;3.36;3.99;8518210090;Y
4770070878255;ACME;4770070878255;Акустична колонка ACME SP109W Dynamic Bluetooth speaker/ White;3.36;4.00;8518210090;N
4770070878675;ACME;4770070878675;Батарейка ACME LR6 Alkaline Batteries AA/2pcs;0.18;0.19;8506808000;Y
4770070855980;ACME;4770070855980;Батарейка АСМЕ LR03 Alkaline Batteries AAA, 2 pcs;0.13;0.17;8506101100;N
4770070868485;ACME;4770070868485;Батарейка АСМЕ LR03 Alkaline Batteries AAA, 6 pcs;0.33;0.40;8506101100;Y
4770070855973;ACME;4770070855973;Батарейка АСМЕ LR6 Alkaline Batteries AA, 4 pcs;0.25;0.32;8506808000;N
4770070868492;ACME;4770070868492;Батарейка АСМЕLR6 Alkaline Batteries AA, 6 pcs;0.20;0.25;8506101100;Y
4770070872420;ACME;4770070872420;Вебкамера ACME CA04 Realistic web camera;2.90;3.20;8525801900;N
4770070871317;ACME;4770070871317;Гарнітура бездротова ACME BH03 Everyday Bluetooth Headset;2.83;3.40;8518309590;N
4770070874639;ACME;4770070874639;Гарнітура бездротова ACME BH06 Easy Bluetooth headset;2.36;2.90;8518309590;N
4770070874646;ACME;4770070874646;Гарнітура бездротова ACME BH07 Universal Bluetooth headset;3.10;3.60;8518309590;N
4770070878507;ACME;4770070878507;Гарнітура бездротова ACME BH101 Bluetooth earphones;3.48;4.99;8518309590;ожидается
4770070879429;ACME;4770070879429;Гарнітура бездротова ACME BH102 Bluetooth earphones;3.48;4.99;8518309590;N
4770070879443;ACME;4770070879443;Гарнітура бездротова ACME BH104 Bluetooth earphones;4.28;5.99;8518309590;Y
4770070879450;ACME;4770070879450;Гарнітура бездротова ACME BH105 Bluetooth earphones;5.31;7.00;8518309590;Y
4770070875421;ACME;4770070875421;Гарнітура бездротова ACME BH40 Foldable Bluetooth headset;6.50;7.50;8518309590;N
4770070879467;ACME;4770070879467;Гарнітура бездротова ACME BH406 Bluetooth TWS earphones;12.09;14.99;8518309590;Y
4770070879979;ACME;4770070879979;Гарнітура бездротова ACME BH411 Advanced True wireless  in-ear headphones;16.23;19.99;8518309590;N
4770070880029;ACME;4770070880029;Гарнітура бездротова ACME BH508 Sport Wireless in-ear headphones;5.99;7.99;8518309590;Y
4770070877579;ACME;4770070877579;Гарнітура бездротова ACME BH60 Foldable Bluetooth headset;5.01;7.99;8518309590;ожидается
4770070854990;ACME;4770070854990;Гарнітура дротова ACME CD602 Headphones with Microphone;0.89;1.39;8518309590;N
4770070855027;ACME;4770070855027;Гарнітура дротова ACME CD850 Headphones with Microphone;2.36;2.99;8518309590;N
4770070874097;ACME;4770070874097;Гарнітура дротова ACME HE15B Groovy in-ear headphones with mic;1.24;1.60;8518309590;N
4770070872796;ACME;4770070872796;Гарнітура дротова ACME HE15W Groovy in-ear headphones with mic;1.36;1.60;8518309590;N
4770070874103;ACME;4770070874103;Гарнітура дротова ACME HE15Y Groovy in-ear headphones with mic;0.65;0.79;8518309590;Y
4770070874462;ACME;4770070874462;Гарнітура дротова ACME HE16B Harmonic earphones with mic;1.33;1.80;8518309590;Y
4770070875377;ACME;4770070875377;Гарнітура дротова ACME HE16W Harmonic earphones with mic;1.33;1.80;8518309590;N
4770070878705;ACME;4770070878705;Гарнітура дротова ACME HE17B Sports and action earphones with microphone and in-line control/ Blue;2.17;2.60;8518309590;Y
4770070876152;ACME;4770070876152;Гарнітура дротова ACME HE17Y Sports and action earphones with microphone and in-line control/ Yellow;2.01;2.60;8518309590;Y
4770070863015;ACME;4770070863015;Гарнітура дротова ACME HM01 Headphones with Microphone;1.22;1.80;8518309590;Y
4770070875285;ACME;4770070875285;Гарнітура дротова ACME JUNGLE Earphones + organizer + mic / White;1.53;1.90;8518309590;N
4770070874028;ACME;4770070874028;Гарнітура дротова ACME MOON Light headphones + mic and remote control / White;0.83;0.99;8518309590;Y
4770070863497;ACME;4770070863497;Геймпад дротовий ACME GA02 digital gamepad;3.63;4.01;8471607000;N
4770070876398;ACME;4770070876398;Геймпад дротовий ACME GA07 Duplex gamepad;1.89;2.99;8471607000;Y
4770070876381;ACME;4770070876381;Геймпад дротовий ACME GA08 Complete gamepad;2.63;3.49;8471607000;Y
4770070877265;ACME;4770070877265;Геймпад дротовий ACME GA09 digital gamepad;3.86;4.50;8471607000;N
4770070876374;ACME;4770070876374;Геймпад дротовий ACME GS05 Jest gamepad;1.04;1.49;8471607000;N
4770070854488;ACME;4770070854488;Диск ACME CD-R 80/700MB 52X 100pack cake box;4.12;4.18;8523411000;N
4770070854457;ACME;4770070854457;Диск ACME CD-R 80/700MB 52X 10pack shrink;0.42;0.48;8523411000;N
4770070854464;ACME;4770070854464;Диск ACME CD-R 80/700MB 52X 25 pack shrink;1.03;1.10;8523411000;N
4770070853320;ACME;4770070853320;Диск ACME CD-R 80/700MB 52X 25pack shrink printable;1.19;1.20;8523411000;N
4770070854471;ACME;4770070854471;Диск ACME CD-R 80/700MB 52X 50pack shrink;2.06;2.15;8523411000;N
4770070853023;ACME;4770070853023;Диск ACME CD-R 80/700MB 52X single Slim Case;0.10;0.10;8523411000;N
4770070854976;ACME;4770070854976;Диск ACME CD-R 80/700MB 52x в паперовому конверті з віконцем;0.06;0.08;8523411000;N
4770070853627;ACME;4770070853627;Диск ACME CD-RW 80/700MB 12X 10pack cake box, багаторазовий;0.61;0.72;8523419000;N
4770070855898;ACME;4770070855898;Диск ACME DVD+R 4,7GB/120min 16X в паперовому конверті з віконцем;0.06;0.08;8523413000;N
4770070865507;ACME;4770070865507;Диск ACME DVD+R 4.7GB 16X 100pack cake box;5.07;5.31;8523413000;N
4770070858271;ACME;4770070858271;Диск ACME DVD+R 4.7GB 16X 10pack shrink;0.48;0.53;8523413000;N
4770070858301;ACME;4770070858301;Диск ACME DVD+R 4.7GB 16X slim box;0.10;0.12;8523413000;N
4770070852972;ACME;4770070852972;Диск ACME DVD+RW 4.7GB 4X 10pack shrink, багаторазовий;1.19;1.20;8523413000;N
4770070855904;ACME;4770070855904;Диск ACME DVD-R 4,7GB/120min 16X в паперовому конверті з віконцем;0.06;0.08;8523413000;N
4770070865514;ACME;4770070865514;Диск ACME DVD-R 4.7GB 16X 100pack cake box;4.79;5.31;8523413000;N
4770070858219;ACME;4770070858219;Диск ACME DVD-R 4.7GB 16X 10pack shrink;0.48;0.57;8523413000;N
4770070858226;ACME;4770070858226;Диск ACME DVD-R 4.7GB 16X 25pack shrink;1.25;1.39;8523413000;N
4770070854396;ACME;4770070854396;Диск ACME DVD-R 4.7GB 16X 25pack shrink printable;1.42;1.39;8523413000;N
4770070852965;ACME;4770070852965;Диск ACME DVD-RW 4,7GB 10 pack shrink 4X, багаторазовий;1.19;1.20;8523413000;N
4770070876411;ACME;4770070876411;Екшн-камера ACME VR04 для будь-яких видів спорту;10.92;12.99;8525809900;N
4770070876404;ACME;4770070876404;Екшн-камера ACME VR05 Full HD для будь-яких видів спорту з Wi-Fi;12.39;13.60;8525809900;N
4770070877609;ACME;4770070877609;Екшн-камера ACME VR06 Ultra HD для будь-яких видів спорту з Wi-Fi;23.78;25.00;8525809900;Y
4770070877760;ACME;4770070877760;Екшн-камера ACME VR07  Full HD sports and  action camera with Wi-Fi;15.95;16.99;8525809900;N
4770070879603;ACME;4770070879603;Кабель ACME AD01S USB type C to USB type A female adapter;1.98;2.59;8544429091;N
4770070875506;ACME;4770070875506;Кабель ACME CB01 Standard micro USB cable;0.38;0.50;8544429091;Y
4770070877678;ACME;4770070877678;Кабель ACME CB01-2 Standard micro USB cable, 2m;0.55;0.69;8544429091;Y
4770070875513;ACME;4770070875513;Кабель ACME CB02 Durable micro USB cable;0.55;0.69;8544429091;Y
4770070877685;ACME;4770070877685;Кабель ACME CB02-2 Durable micro USB cable, 2m;0.71;0.89;8544429091;Y
4770070877692;ACME;4770070877692;Кабель ACME CB03-2 Lightning to USB cable;0.80;0.99;8544429091;Y
4770070870860;ACME;4770070870860;Кермо ACME RS racing wheel;11.50;7.38;8471607000;N
4770070870709;ACME;4770070870709;Кермо ACME STi racing wheel;8.12;9.99;8471607000;N
4770070869222;ACME;4770070869222;Килимок ACME Cloth Mouse Pad, black;0.37;0.60;4016999790;Y
4770070869239;ACME;4770070869239;Килимок ACME Cloth Mouse Pad, blue;0.37;0.60;4016999790;Y
4770070869284;ACME;4770070869284;Килимок ACME Ergonomic mouse pad;1.33;1.59;4016999790;Y
4770070863114;ACME;4770070863114;Килимок ACME Rubber based mouse pad for gaming;0.91;1.39;4016999790;N
4770070862889;ACME;4770070862889;Клавіатура дротова ACME KM04 Slim Full Size Multimedia Keyboard /EN/RU/LT /Black;1.47;1.70;8471606000;N
4770070876992;ACME;4770070876992;Клавіатура дротова ACME KM09 Convenient multimedia keyboard EN/LT/RU;1.45;1.70;8471606000;N
4770070878132;ACME;4770070878132;Клавіатура дротова ACME KM10 Convenient multimedia keyboard EN/LT/RU;1.53;1.99;8471606000;N
4770070866146;ACME;4770070866146;Клавіатура дротова ACME KS02 Standard Keyboard /EN/RU /Black;1.54;1.77;8471606000;N
4770070862834;ACME;4770070862834;Клавіатура дротова ACME KS03 Standard Keyboard /EN/RU/LT /Black;0.83;1.00;8471606000;N
4770070876978;ACME;4770070876978;Клавіатура дротова ACME KS04 Basic keyboard EN/LT/RU;1.06;1.28;8471606000;N
4770070878118;ACME;4770070878118;Клавіатура дротова ACME KS06 Basic keyboard;1.09;1.40;8471606000;Y
4770070878125;ACME;4770070878125;Клавіатура дротова ACME KS07 Slim Keyboard EN/LT/RU, USB;2.17;2.99;8471606000;N
2000000115665/5906737568620;ACME;5906737568620;Конверт АСМЕ-з віконцем для СD/DVD диска білий 100шт;0.50;0.59;4819500000;Y
4770070878736;ACME;4770070878736;Концентратор ACME HB530 hub, USB type-C;3.84;4.99;8471900000;N
4770070878743;ACME;4770070878743;Концентратор ACME HB540 Multi-hub, Type-C;4.57;5.99;8471900000;N
4770070878750;ACME;4770070878750;"Концентратор ACME HB550 Multi-hub, Type-C""";5.37;6.99;8471900000;Y
4770070878712;ACME;4770070878712;Концентратор АСМЕ HB510 Hub, USB 2.0;2.01;2.79;8471800000;Y
4770070878729;ACME;4770070878729;Концентратор АСМЕ HB520 Hub, USB 3.0;3.37;4.49;8471800000;Y
4770070873786;ACME;4770070873786;Лампа світлодіодна ACME LED Mini Globe 4W 2700K 25h 320lm E14;0.44;0.55;8541401000;N
4770070872949;ACME;4770070872949;Лампа світлодіодна ACME LED T8 Transparent 8W 3500K 600mm;1.16;1.77;8541401000;N
4770070871843;ACME;4770070871843;Миша бездротова ACME MW10 Sporty wireless mouse;1.16;3.19;8471607000;N
4770070874592;ACME;4770070874592;Миша бездротова ACME MW13 Compact wireless mouse;1.74;2.29;8471607000;N
4770070874899;ACME;4770070874899;Миша бездротова ACME MW14 Functional wireless mouse;1.50;1.99;8471607000;Y
4770070874905;ACME;4770070874905;Миша бездротова ACME MW15 High-speed wireless mouse;2.80;3.70;8471607000;N
4770070873571;ACME;4770070873571;Миша дротова ACME MA06 Universal Wired Mouse;1.68;1.99;8471607000;N
4770070863923;ACME;4770070863923;Миша дротова ACME MS04 Standard Mouse;0.87;1.00;8471607000;N
4770070873106;ACME;4770070873106;Миша дротова ACME MS10 Mini optical mouse;0.42;0.49;8471607000;N
4770070874585;ACME;4770070874585;Миша дротова ACME MS12 Ergonomic mouse;1.45;1.60;8471607000;N
4770070878187;ACME;4770070878187;Миша дротова ACME MS14 Standard Mouse;0.79;0.99;8471607000;Y
4770070854983;ACME;4770070854983;Мікрофон ACME MK200 table microphone;0.74;0.99;8518109590;Y
4770070873632;ACME;4770070873632;Навушники ACME BH30 Musical Bluetooth headset;8.12;8.91;8518309590;N
4770070852446;ACME;4770070852446;Навушники ACME CD311 Earphones;0.67;0.99;8518309590;Y
4770070872772;ACME;4770070872772;Навушники ACME HE13 Starter in-ear headphones;1.00;1.50;8518309590;Y
4770070872789;ACME;4770070872789;Навушники ACME HE14 Smooth in-ear headphones;1.06;1.40;8518309590;Y
4770070876169;ACME;4770070876169;Навушники ACME HE18 basic earphones;0.58;0.79;8518309590;N
4770070873991;ACME;4770070873991;Навушники ACME JUNGLE Earphones + organizer / White;0.71;0.89;8518309590;N
4770070871201;ACME;4770070871201;"Настінне кріплення для моніторів/ТВ ACME MT101 universal LCD/LED wall mount, 10-32"", max-20 кг";2.17;2.55;8302490090;N
4770070871218;ACME;4770070871218;"Настінне кріплення для моніторів/ТВ ACME MT102B LCD/LED/Plazma wall mount, 36''-55"", max-35 кг";3.77;4.51;8302490090;N
4770070871225;ACME;4770070871225;"Настінне кріплення для моніторів/ТВ ACME MT102S LCD/LED/Plazma wall mount, 23-46"", max-30 кг";2.61;2.92;8302490090;N
4770070871195;ACME;4770070871195;"Настінне кріплення для моніторів/ТВ ACME MT103 LCD/LED wall mount, 10''-32"", max-25 кг";5.22;5.83;8302490090;N
4770070871140;ACME;4770070871140;"Настінне кріплення для моніторів/ТВ ACME MT104B LCD/LED/Plazma wall mount, 36""""-55"", max-35 кг";4.64;5.30;8302490090;N
4770070871157;ACME;4770070871157;"Настінне кріплення для моніторів/ТВ ACME MT104S LCD/LED/Plazma wall mount, 23-46"", max-30 кг";4.93;5.57;8302490090;N
4770070871188;ACME;4770070871188;"Настінне кріплення для моніторів/ТВ ACME MT105 LCD/LED wall mount, 10''-32"", max-20 кг";6.38;7.43;8302490090;N
4770070871638;ACME;4770070871638;"Настінне кріплення для моніторів/ТВ ACME MT107 universal LED wall mount, 10-32"", max-25 кг";1.30;1.60;8302490090;N
4770070871652;ACME;4770070871652;"Настінне кріплення для моніторів/ТВ ACME MT108B universal LED wall mount, 37-55"", max-20 кг";3.19;3.49;8302490090;N
4770070875346;ACME;4770070875346;"Настінне кріплення для моніторів/ТВ ACME MT111 Full Motion TV wall mount, 17""-47"", max-25 кг";4.43;5.90;8302490090;N
4770070875353;ACME;4770070875353;"Настінне кріплення для моніторів/ТВ ACME MT112 Full Motion TV wall mount, 32""-60"", max-35 кг";5.90;7.38;8302490090;N
4770070875360;ACME;4770070875360;"Настінне кріплення для моніторів/ТВ ACME MT113 Fixed TV wall mount, 47""-90"", max-60 кг";6.67;7.50;8302490090;N
4770070877739;ACME;4770070877739;Окуляри віртуальної реальності ACME VRB01 Virtual Reality Glasses;3.20;3.99;9004909000;ожидается
4770070874448;ACME;4770070874448;Пристрій живлення ACME PB03 USB High capacity power bank, 6000mAh, in/out DC 5V/1A;2.78;4.38;8507600000;N
4770070875483;ACME;4770070875483;Пристрій живлення ACME PB04 USB Proficient power bank, 10000mAh, DC 5V: in 1A out 2.1A;5.22;4.74;8507600000;N
4770070876633;ACME;4770070876633;Пристрій живлення ACME PB06 USB Handy power bank, 6000mAh, DC 5V: in 1A out 2.1A;3.19;3.72;8507600000;N
4770070877135;ACME;4770070877135;Пристрій живлення ACME PB08 Slim power bank, 4000mAh;2.45;2.59;8507600000;N
4770070877142;ACME;4770070877142;Пристрій живлення ACME PB09 Slim power bank, 8000mAh;4.59;5.09;8507600000;N
4770070879344;ACME;4770070879344;Пристрій живлення ACME PB15G Power bank, 10000 mAh, Space Gray;4.01;4.99;8507600000;N
4770070879351;ACME;4770070879351;Пристрій живлення ACME PB15GD Power bank, 10000 mAh, Gold;4.01;4.99;8507600000;N
4770070878651;ACME;4770070878651;Пристрій живлення ACME PB15S Power bank, 10000 mAh, Silver;4.01;4.99;8507600000;N
4770070879375;ACME;4770070879375;Пристрій живлення ACME PB18 Power bank with Micro USB cable, 10000 mAh;4.01;4.99;8507600000;N
4770070874677;ACME;4770070874677;"Рюкзак ACME 16B49 TRUNK Notebook backpack, up to 15,6""";5.61;7.00;4202929800;N
4770070875872;ACME;4770070875872;"Рюкзак ACME 16B56 Casual notebook backpack, up to 15,6""";3.58;4.99;4202929800;N
4770070880098;ACME;4770070880098;Смарт-ваги ACME SC101 Smart Scale - Black;8.02;9.99;8423109000;N
4770070880432;ACME;4770070880432;Смарт-ваги ACME SC202 Smart Scale - White;11.21;14.99;8423109000;Y
4770070880043;ACME;4770070880043;Смарт-годинник Acme SW101 Smartwatch;18.20;21.99;8517620000;Y
4770070880050;ACME;4770070880050;Смарт-годинник Acme SW201 Smartwatch;18.61;22.99;8517620000;Y
4770070880067;ACME;4770070880067;Смарт-годинник Acme SW301 Smartwatch with GPS;25.99;29.99;8517620000;Y
4770070870266;ACME;4770070870266;Сумка ACME 16C14 Notebook Case, up to 16,4``;2.66;3.39;4202929800;Y
4770070874660;ACME;4770070874660;Сумка ACME 16M48 NEST Notebook bag;5.45;6.30;4202929800;N
4770070875629;ACME;4770070875629;"Сумка ACME 16M52 Lightweight notebook bag, up to 15,6""";2.06;2.29;4202929800;N
4770070867037;ACME;4770070867037;Тримач для смартфона ACME MH01 car cellphone holder;1.04;1.30;3926909790;N
4770070867044;ACME;4770070867044;Тримач для смартфона ACME MH02 GPS/PDA/cellphone car holder;2.20;2.60;3926909790;Y
4770070875438;ACME;4770070875438;Тримач для смартфона ACME MH05 NFC smartphone car holder;4.06;4.80;3926909790;N
4770070877791;ACME;4770070877791;Фітнес-трекер Acme ACT03 activity tracker;3.39;3.99;9102120000;N
4770070878569;ACME;4770070878569;Фітнес-трекер Acme ACT03B activity tracker;3.58;3.99;9102120000;N
4770070878576;ACME;4770070878576;Фітнес-трекер Acme ACT03R activity tracker;3.58;3.99;9102120000;N
4770070877807;ACME;4770070877807;Фітнес-трекер Acme ACT05 activity tracker HR;7.28;7.99;9102120000;Y
4770070878613;ACME;4770070878613;Фітнес-трекер Acme ACT101 activity tracker;4.75;6.00;9102120000;Y
4770070879573;ACME;4770070879573;Фітнес-трекер Acme ACT101B activity tracker;4.75;6.00;9102120000;Y
4770070879566;ACME;4770070879566;Фітнес-трекер Acme ACT101R activity tracker;4.75;6.00;9102120000;Y
4770070878620;ACME;4770070878620;Фітнес-трекер Acme ACT202 activity tracker HR;8.50;10.00;9102120000;N
4770070879597;ACME;4770070879597;Фітнес-трекер Acme ACT202B activity tracker HR;8.50;10.00;9102120000;N
4770070879580;ACME;4770070879580;Фітнес-трекер Acme ACT202R activity tracker HR;8.50;10.00;9102120000;N
4770070880074;ACME;4770070880074;Фітнес-трекер Acme ACT206 Fitness activity tracker with heart rate;8.29;9.99;9102120000;Y
4770070879559;ACME;4770070879559;Фітнес-трекер Acme ACT303 activity tracker HR;14.99;18.00;9102120000;Y
4770070880081;ACME;4770070880081;Фітнес-трекер Acme ACT304 with HR + multisport + connected GPS;11.59;13.99;9102120000;N
6948391232768;AULA;6948391232768;Гарнітура дротова AULA Prime Basic Gaming Headset;3.51;4.49;8518309590;N
6948391256030;AULA;6948391256030;Гарнітура дротова AULA Prime Illuminated Gaming Headset;3.84;5.49;8518309590;N
6948391232744;AULA;6948391232744;Гарнітура дротова AULA Razorback gaming headset;9.80;15.99;8518309590;N
6948391232447;AULA;6948391232447;Гарнітура дротова AULA Shax Gaming Headset;4.72;6.49;8518309590;Y
6948391232089;AULA;6948391232089;Гарнітура дротова AULA Spirit Wheel gaming headset;6.78;8.99;8518309590;Y
6948391232102;AULA;6948391232102;Гарнітура дротова AULA Storm gaming headset;9.43;11.00;8518309590;N
6948391232058;AULA;6948391232058;Гарнітура дротова AULA Succubus gaming headset;4.99;7.49;8518309590;Y
6948391215068;AULA;6948391215068;Килимок AULA Gaming Mouse Pad, M size;2.07;2.79;4016999790;Y
6948391215051;AULA;6948391215051;Килимок AULA Gaming Mouse Pad, S size;1.83;2.59;4016999790;Y
6940928496049;AULA;6940928496049;Килимок AULA Magic Pad Gaming Mouse Pad;2.76;3.99;4016999790;N
6948391231037;AULA;6948391231037;Клавіатура дротова AULA Adjudication expert gaming keyboard;3.19;3.40;8471606000;N
6948391238050;AULA;6948391238050;Клавіатура дротова AULA Adjudication expert gaming keyboard EN/RU/UA;3.19;3.40;8471606000;N
6948391231013;AULA;6948391231013;Клавіатура дротова AULA Be Fire expert gaming keyboard;5.80;7.00;8471606000;Y
6948391231167;AULA;6948391231167;Клавіатура дротова AULA Dragon Deep Waterproof Gaming Keyboard;6.78;8.99;8471606000;Y
6948391239309;AULA;6948391239309;Клавіатура дротова AULA Mechanical Assault Wired Keyboard, EN/RU;12.74;16.99;8471606000;Y
6948391233178;AULA;6948391233178;Клавіатура дротова AULA Mechanical Demon King Wired Keyboard, EN/RU/UA;14.30;17.00;8471606000;N
6948391231044;AULA;6948391231044;Клавіатура дротова AULA Surprise Evil Gaming Keyboard;8.12;9.00;8471606000;N
6948391221533;AULA;6948391221533;Комплект AULA Gaming Set Black Altar Keyboard and Rigel Mouse, EN/RU;5.34;5.99;8471606000;N
6948391211626;AULA;6948391211626;Миша дротова AULA Catastrophe Gaming Mouse;6.50;7.00;8471607000;N
6948391211060;AULA;6948391211060;Миша дротова AULA Ghost Shark expert gaming mouse;6.81;7.90;8471607000;N
6948391211381;AULA;6948391211381;Миша дротова AULA Hunting Gaming Mouse;4.67;5.50;8471607000;N
6948391211039;AULA;6948391211039;Миша дротова AULA Killing The Soul expert gaming mouse;2.90;4.00;8471607000;Y
6948391212098;AULA;6948391212098;Миша дротова AULA Nomad gaming mouse;4.28;4.99;8471607000;Y
6948391211022;AULA;6948391211022;Миша дротова AULA Ogre Soul expert gaming mouse;3.77;4.40;8471607000;N
6948391211633;AULA;6948391211633;Миша дротова AULA Rigel Gaming mouse;2.06;2.99;8471607000;Y
6948391211688;AULA;6948391211688;Миша дротова AULA Tantibus Gaming mouse;2.44;3.59;8471607000;N
ERB500AWT;ENERMAX;;Блок живлення для ПК ENERMAX PSU model RevoBron 82+, Bronze, Modular, 500W;21.77;21.99;8504403000;Y
ERB600AWT;ENERMAX;4713157722973;Блок живлення для ПК ENERMAX PSU model RevoBron 82+, Bronze, Modular, 600W;23.51;23.99;8504403000;Y
ERB700AWT;ENERMAX;4713157722980;Блок живлення для ПК ENERMAX PSU model RevoBron 82+, Bronze, Modular, 700W;26.72;26.99;8504403000;Y
ERB600AWT TR;ENERMAX;;Блок живлення для ПК ENERMAX PSU model RevoBron TUF Gaming Alliance, 600W;35.63;35.99;8504403000;Y
ERD600AWL-F;ENERMAX;4713157722348;Блок живлення для ПК ENERMAX PSU model REVOLUTION DUO, 600W;23.75;23.99;8504403000;Y
ERD700AWL-F;ENERMAX;4713157722355;Блок живлення для ПК ENERMAX PSU model REVOLUTION DUO, 700W;25.73;25.99;8504403000;Y
ERX650AWT;ENERMAX;4713157722034;"Блок живлення для ПК ENERMAX PSU model REVOLUTION X""T II, 650W";38.21;38.99;8504403000;Y
ERX750AWT;ENERMAX;4713157722041;"Блок живлення для ПК ENERMAX PSU model REVOLUTION X""T II, 750W";42.13;42.99;8504403000;Y
ELC-LTTRTO240-TBP;ENERMAX;4713157723642;Водяне охолодження для ПК ENERMAX CPU Cooler LiqTech TR4 II RGB, model 240;49.49;50.00;8414592098;Y
ELC-LTTRTO280-TBP;ENERMAX;4713157723659;Водяне охолодження для ПК ENERMAX CPU Cooler LiqTech TR4 II RGB, model 280;58.19;59.99;8414592098;N
ELC-LTTRTO360-TBP;ENERMAX;4713157723666;Водяне охолодження для ПК ENERMAX CPU Cooler LiqTech TR4 II RGB, model 360;66.32;66.99;8414592098;Y
ELC-LF240-RGB;ENERMAX;4713157723383;Водяне охолодження для ПК ENERMAX CPU Cooler model LiqFusion;43.64;44.99;8414592098;Y
ELC-LMR240-BS;ENERMAX;4713157721761;Водяне охолодження для ПК ENERMAX CPU Cooler model LiqMax II (AM4);28.62;29.99;8414592098;N
ETS-N31-02;ENERMAX;4713157722768;Повітряне охолодження для ПК ENERMAX CPU Cooler model ETS-N31, 92 мм;4.89;4.99;8414592098;Y
ETS-T40F-BKA;ENERMAX;4713157723222;Повітряне охолодження для ПК ENERMAX CPU Cooler model T40 Fit - AM4 Edition, blue LED PWM fan;14.53;14.99;8414592098;Y
ETS-T40F-TBA;ENERMAX;4713157723185;Повітряне охолодження для ПК ENERMAX CPU Cooler model T40 Fit - AM4 Edition, T.B. Silence PWM fan;12.60;12.99;8414592098;Y
ETS-T40F-RFA;ENERMAX;4713157723239;Повітряне охолодження для ПК ENERMAX CPU Cooler model T40 Fit - AM4 Edition,140mm winglet fan;13.57;13.99;8414592098;Y
ETS-T50A-DFP;ENERMAX;4713157722720;Повітряне охолодження для ПК ENERMAX CPU Cooler model T50 AXE;19.39;19.99;8414592098;Y
ETS-T50A-BVT;ENERMAX;4713157722317;Повітряне охолодження для ПК ENERMAX CPU Cooler model T50 AXE, with LED light;19.39;19.99;8414592098;Y
UCTB12P;ENERMAX;4713157731197;Повітряне охолодження для ПК ENERMAX PC FAN model T.B. Silence PWM, 120mm;3.29;3.39;8414592098;N
UCTB14P;ENERMAX;4713157731760;Повітряне охолодження для ПК ENERMAX PC FAN model T.B. Silence PWM, 140mm;3.87;3.99;8414592098;Y
UCTB8P;ENERMAX;4713157731180;Повітряне охолодження для ПК ENERMAX PC FAN model T.B. Silence PWM, 80mm;2.41;2.49;8414592098;Y
UCTBRGB12-BP3;ENERMAX;4713157723345;Повітряне охолодження для ПК ENERMAX PC FAN model T.B.RGB 3x 120 mm (3 PACK);17.63;17.99;8414592098;Y
NP-1BM-0550A-EU;NZXT;5060301690800;Блок живлення NZXT Power supply 550W Hale82 V2 - 80 PLUS Bronze Fully Modular for EU;23.78;25.90;8504403000;N
NP-1BM-0700A-EU;NZXT;5060301690817;Блок живлення NZXT Power supply 700W Hale82 V2 - 80 PLUS Bronze Fully Modular for EU;29.29;31.00;8504403000;N
NP-1PM-E500A-EU;NZXT;5060301694556;Блок живлення NZXT Power supply E500 500W WITH EUPOWER CORD, COLOR BOX;37.22;41.99;8504403000;Y
NP-1PM-E650A-EU;NZXT;5060301694457;Блок живлення NZXT Power supply E650 650W WITH EUPOWER CORD, COLOR BOX;40.02;44.99;8504403000;Y
NP-1PM-E850A-EU;NZXT;5060301694358;Блок живлення NZXT Power supply E850 850W WITH EUPOWER CORD, COLOR BOX;48.86;54.99;8504403000;Y
RL-KRG12-B1;NZXT;5060301693627;Брекет NZXT, Kraken G12 GPU MOUNTING KIT (Black);9.57;11.00;8473308000;N
RL-KRG12-W1;NZXT;5060301693610;Брекет NZXT, Kraken G12 GPU MOUNTING KIT (White);9.57;11.00;8473308000;N
RL-KRM22-01;NZXT;5060301694013;Водяне охолодження для ПК NZXT KRAKEN M22 120MM LIQUID COOLER;24.29;26.99;8414592098;Y
RL-KRX72-01;NZXT;5060301694037;Водяне охолодження для ПК NZXT KRAKEN X72 LIQUID COOLER;63.13;69.99;8414592098;Y
RL-KRX41-01;NZXT;5060301691197;Водяне охолодження для ПК NZXT, Kraken Series Liquid Cooler Kraken X41 (140mm);30.45;31.08;8414592098;N
RL-KRX42-01;NZXT;5060301693184;Водяне охолодження для ПК NZXT, Kraken Series Liquid Cooler X42 (140мм);38.57;43.00;8414592098;N
RL-KRX52-02;NZXT;5060301693757;Водяне охолодження для ПК NZXT, Kraken Series Liquid Cooler X52 WITH AM4 SUPPORT;43.37;46.99;8414592098;N
RL-KRX62-02;NZXT;5060301693764;Водяне охолодження для ПК NZXT, Kraken Series Liquid Cooler X62 WITH AM4 SUPPORT;46.02;49.99;8414592098;Y
RL-KRX42-02;NZXT;5060301693740;Водяне охолодження для ПК NZXT, Kraken Water Cooler X42 with AM4;38.57;43.00;8414592098;ожидается
AC-GRDP3-M1;NZXT;5060301693771;Контролер для ПК NZXT GRID+ V3 DIGITAL FAN  CONTROLLER;15.34;17.99;8537109100;N
AC-IUSBH-M1;NZXT;5060301693245;Концентратор NZXT INTERNAL USB EXPANSION 5-ch. USB 2.0 hub: 3 int. and 2 ext. connectors;5.19;5.99;8471900000;Y
CA-H200B-BR;NZXT;5060301694242;Корпус для ПК NZXT, H200 Black Red;34.80;39.99;8473308000;Y
CA-H200B-W1;NZXT;5060301694235;Корпус для ПК NZXT, H200 White Black;34.80;39.99;8473308000;N
CA-H200W-BB;NZXT;5060301693948;Корпус для ПК NZXT, H200i MINI-ITX CASE (BLACK/BLACK);43.50;49.99;8473308000;N
CA-H200W-BR;NZXT;5060301693962;Корпус для ПК NZXT, H200i MINI-ITX CASE (BLACK/RED);43.50;49.99;8473308000;Y
CA-H400B-BR;NZXT;5060301694204;Корпус для ПК NZXT, H400 Black Red;37.40;42.99;8473308000;N
CA-H400B-W1;NZXT;5060301694198;Корпус для ПК NZXT, H400 White Black;37.40;42.99;8473308000;N
CA-H400W-BB;NZXT;5060301693894;Корпус для ПК NZXT, H400i SMART MATX CASE (MATTE BLACK/BLACK);47.85;54.99;8473308000;Y
CA-H400W-BR;NZXT;5060301693887;Корпус для ПК NZXT, H400i SMART MATX CASE (MATTE BLACK/RED);47.85;54.99;8473308000;N
CA-H400W-WB;NZXT;5060301693870;Корпус для ПК NZXT, H400i SMART MATX CASE (MATTE WHITE/BLACK);47.85;54.99;8473308000;Y
CA-H442W-M4;NZXT;5060301692989;"Корпус для ПК NZXT, H440 ""NEW EDITION"" MID TOWER CASE W/WINDOW (BLACK/BLUE)";40.60;39.29;8473308000;N
CA-H442W-RA;NZXT;5060301692972;"Корпус для ПК NZXT, H440 ""New Edition"" Mid Tower case w/window Matte Black/Green (RAZER Edition)";46.88;50.00;8473308000;Y
CA-H442C-M8;NZXT;5060301692873;Корпус для ПК NZXT, H440 Mid Tower case close panel(black/black);38.28;41.00;8473308000;N
CA-H442W-M8;NZXT;5060301692927;Корпус для ПК NZXT, H440 Mid Tower case w/window(black/black);34.80;39.00;8473308000;N
CA-H442W-M1;NZXT;5060301692934;Корпус для ПК NZXT, H440 Mid Tower case w/window(black/red);34.80;39.00;8473308000;Y
CA-H442W-W1;NZXT;5060301693320;Корпус для ПК NZXT, H440 Mid Tower case w/window(white/black);34.80;39.00;8473308000;N
CA-H500B-B1;NZXT;5060301694051;Корпус для ПК NZXT, H500 Mid Tower ATX (Black Black);23.90;25.99;8473308000;N
CA-H500B-BL;NZXT;5060301694082;Корпус для ПК NZXT, H500 Mid Tower ATX (Black Blue);23.90;25.99;8473308000;N
CA-H500B-BR;NZXT;5060301694075;Корпус для ПК NZXT, H500 Mid Tower ATX (Black/Red);23.90;25.99;8473308000;N
CA-H500B-W1;NZXT;5060301694068;Корпус для ПК NZXT, H500 Mid Tower ATX (White Black);23.90;25.99;8473308000;N
CA-H500W-BR;NZXT;5060301694112;Корпус для ПК NZXT, H500i Smart Case Mid Tower ATX (Matte Black/Red);32.50;36.99;8473308000;N
CA-H700B-B1;NZXT;5060301694143;Корпус для ПК NZXT, H700 Black Black;52.20;59.99;8473308000;N
CA-H700B-BR;NZXT;5060301694167;Корпус для ПК NZXT, H700 Black Red;44.55;49.99;8473308000;Y
CA-H700B-NC;NZXT;5060301694662;Корпус для ПК NZXT, H700 Nuka cola;105.59;119.99;8473308000;Y
CA-H700B-W1;NZXT;5060301694150;Корпус для ПК NZXT, H700 White Black;44.55;49.99;8473308000;Y
CA-H700W-BB;NZXT;5060301693863;Корпус для ПК NZXT, H700i SMART ATX CASE (MATTE BLACK);65.25;74.99;8473308000;N
CA-H700W-BL;NZXT;5060301693931;Корпус для ПК NZXT, H700i SMART ATX CASE (MATTE BLACK/BLUE);65.25;74.99;8473308000;N
CA-H700W-BR;NZXT;5060301693856;Корпус для ПК NZXT, H700i SMART ATX CASE (MATTE BLACK/RED);58.07;65.99;8473308000;Y
CA-H700W-WB;NZXT;5060301693849;Корпус для ПК NZXT, H700i SMART ATX CASE (MATTE WHITE);58.07;65.99;8473308000;N
CA-MANTC-M1;NZXT;5060301693085;Корпус для ПК NZXT, MANTA MINI ITX W/CLOSED PANEL (MATTE BLACK/BLACK);33.21;35.00;8473308000;N
CA-MANTW-M1;NZXT;5060301693078;Корпус для ПК NZXT, MANTA MINI ITX W/WINDOW (MATTE BLACK/BLACK);33.21;35.00;8473308000;N
CA-MANTW-M2;NZXT;5060301693092;Корпус для ПК NZXT, MANTA MINI ITX W/WINDOW (MATTE BLACK/RED);26.55;29.99;8473308000;Y
CA-MANTW-W1;NZXT;5060301693108;Корпус для ПК NZXT, MANTA MINI ITX W/WINDOW (MATTE WHITE/BLACK);33.21;35.00;8473308000;N
CA-N450W-M1;NZXT;5060301692705;Корпус для ПК NZXT, Noctis 450 black + red mid Tower Chassis;32.45;35.99;8473308000;N
CA-N450W-W1;NZXT;5060301692712;Корпус для ПК NZXT, Noctis 450 black + red mid Tower Chassis;39.44;44.00;8473308000;N
CA-RO450-G1;NZXT;5060301693450;Корпус для ПК NZXT, NOCTIS 450 MID TOWER CHASSIS (ROG EDITION);58.29;63.00;8473308000;N
CA-PH410-B1;NZXT;5060301691715;Корпус для ПК NZXT, Phantom 410 Black;26.10;30.00;8473308000;N
CA-PH410-B3;NZXT;5060301691746;Корпус для ПК NZXT, Phantom 410 Black/Orange;18.00;19.99;8473308000;N
CA-PH410-B2;NZXT;5060301692347;Корпус для ПК NZXT, Phantom 410 Black/White;18.00;19.99;8473308000;N
CA-PH410-G1;NZXT;5060301691739;Корпус для ПК NZXT, Phantom 410 Gun Metal;26.10;30.00;8473308000;N
CA-PH410-W1;NZXT;5060301691708;Корпус для ПК NZXT, Phantom 410 White;26.10;30.00;8473308000;N
CA-PH530-B1;NZXT;5060301690831;Корпус для ПК NZXT, Phantom 530 Black;37.99;36.27;8473308000;N
CA-PH530-W1;NZXT;5060301690824;Корпус для ПК NZXT, Phantom 530 White;37.99;36.69;8473308000;N
CA-P630W-M1;NZXT;5060301690756;Корпус для ПК NZXT, Phantom 630 Matte Black;65.25;68.91;8473308000;N
CA-P630W-W1;NZXT;5060301690732;Корпус для ПК NZXT, Phantom 630 W/WINDOW (WHITE);60.03;59.99;8473308000;N
PHAN-001BK;NZXT;5060301691678;Корпус для ПК NZXT, Phantom Black;39.15;40.54;8473308000;N
PHAN-001WT;NZXT;5060301691661;Корпус для ПК NZXT, Phantom White;39.15;40.54;8473308000;N
CA-S340W-B1;NZXT;5060301691579;Корпус для ПК NZXT, S340 Black;22.42;24.99;8473308000;Y
CA-S340MB-GB;NZXT;5060301692637;Корпус для ПК NZXT, S340 color edition black/blue mid tower chassis;24.85;28.00;8473308000;N
CA-S340MB-GR;NZXT;5060301692644;Корпус для ПК NZXT, S340 color edition black/red mid tower chassis;22.42;24.99;8473308000;N
CA-S340W-B4;NZXT;5060301693412;Корпус для ПК NZXT, S340 ELITE MATTE BLACK/RED MID TOWER CHASSIS;28.15;31.99;8473308000;N
CA-S340W-W2;NZXT;5060301693238;Корпус для ПК NZXT, S340 ELITE MATTE WHITE MID TOWER CHASSIS;28.15;31.99;8473308000;Y
CA-S340W-B3;NZXT;5060301693221;Корпус для ПК NZXT, S340 ELITE MATTEBLACK MID TOWER CHASSIS;28.15;31.99;8473308000;Y
CA-S340W-W3;NZXT;5060301693498;Корпус для ПК NZXT, S340 MID TOWER CHASSIS (WHITE/PURPLE);22.42;24.99;8473308000;Y
CA-S340W-RA;NZXT;5060301692903;Корпус для ПК NZXT, S340 Mid Tower Chassis Black/Green (RAZER EDITION);30.79;35.00;8473308000;Y
CA-S340W-W1;NZXT;5060301691562;Корпус для ПК NZXT, S340 White;22.42;24.99;8473308000;Y
CA-SO530-M1;NZXT;5060301690961;Корпус для ПК NZXT, Source 530 Black;26.39;30.00;8473308000;Y
BA-PUCKR-B1;NZXT;5060301693504;Магнітний тримач для ПК NZXT PUCK CABLE MANAGEMENT ACCESSORY (BLACK);5.80;6.99;8505199000;Y
BA-PCKRT-RD;NZXT;5606301693580;Магнітний тримач для ПК NZXT PUCK CABLE MANAGEMENT ACCESSORY (RED);5.80;7.00;8505199000;N
BA-PUCKR-W1;NZXT;5060301693511;Магнітний тримач для ПК NZXT PUCK CABLE MANAGEMENT ACCESSORY (WHITE);5.80;7.00;8505199000;Y
AA-HUE30-01;NZXT;5060301690275;Підсвітка для ПК NZXT HUE RGB LED CONTROLLER внутрішня;4.43;4.99;8531809590;Y
AC-HUEPS-M1;NZXT;5060301692804;Підсвітка для ПК NZXT, Hue Plus (BLACK);8.79;9.99;8537109100;Y
AC-HUEPS-W1;NZXT;5060301693474;Підсвітка для ПК NZXT, Hue Plus (WHITE);8.79;9.99;8537109100;Y
RF-AR120-B1;NZXT;5060301693269;Повітряне охолодження для ПК NZXT, AER 120MM FAN;9.14;11.00;8414592098;N
RF-AR120-T1;NZXT;5060301693313;Повітряне охолодження для ПК NZXT, AER 120MM FAN (3x 120 mm) TRIPLE PACK;17.58;19.99;8414592098;Y
RF-AR120-C1;NZXT;5060301693290;Повітряне охолодження для ПК NZXT, AER 120MM FAN STARTER PACK (2x fan 120 mm + black HuePlus);16.08;17.99;8414592098;N
RF-AR140-B1;NZXT;5060301693252;Повітряне охолодження для ПК NZXT, AER 140MM FAN;7.91;8.99;8414592098;Y
RF-AR140-T1;NZXT;5060301693306;Повітряне охолодження для ПК NZXT, AER 140MM FAN (3x 140 mm) TRIPLE PACK;20.65;22.99;8414592098;Y
RF-AR140-C1;NZXT;5060301693283;Повітряне охолодження для ПК NZXT, AER 140MM FAN STARTER PACK (2x fan 140 mm + black HuePlus);18.00;19.99;8414592098;N
RF-AF120-B1;NZXT;5060301693528;Повітряне охолодження для ПК NZXT, AER F120 FAN;5.37;6.40;8414592098;N
RF-AF120-D1;NZXT;5060301693542;Повітряне охолодження для ПК NZXT, AER F120 FAN DUAL PACK(2x 120 мм);7.04;7.99;8414592098;Y
RF-AF140-B1;NZXT;5060301693535;Повітряне охолодження для ПК NZXT, AER F140 FAN;5.80;7.00;8414592098;N
RF-AF140-D1;NZXT;5060301693535;Повітряне охолодження для ПК NZXT, AER F140 FAN DUAL PACK(2x 140 мм);7.91;8.99;8414592098;Y
RF-AP120-FP;NZXT;5060301693337;Повітряне охолодження для ПК NZXT, AER P120 120MM PWMFAN (GREY TRIM);5.07;6.00;8414592098;N
RF-AP140-FP;NZXT;5060301693344;Повітряне охолодження для ПК NZXT, NZXT AER P140 140MM PWMFAN (GREY TRIM);5.66;6.70;8414592098;N
E1A3E0000001;OPTOMA;5060059047062;Аксесуар для проектора OPTOMA 3D окуляри + емітер ZF2100 SYSTEM WIRELESS 3D GLASSES and EMI;5.90;8.85;9004901000;N
95.8ZE01GC2E;OPTOMA;5055387600232;Проектор Optoma DH1009 (95.8ZE01GC2E) DLP FullHD,1080p,1920x1080,16:9,.яскравість-3200 Люм, контраст-20000:1,2хHDMI,Аудио10W, проекц. відстань : 1,5-10 м, 2,45кг, колір-чорний;202.08;216.83;8528691000;N
E1P1D0P11031;OPTOMA;5060059049370;Проектор Optoma DH1017 (E1P1D0P11031) DLP FullHD,1080p,1920x1080,16:9,.яск.-4200 Люм, контраст-10000:1,2хHDMI, RJ45,Аудио3W, проекц. відстань : 1,2-12м,зум 1,2х Manual,3,6кг, колір-срібло;324.50;368.75;8528691000;N
95.71P02GC1E;OPTOMA;5055387633308;Проектор OPTOMA DS348 (95.71P02GC1E) DLP,SVGA,4:3,800x600,яскравість-3000 Люм.,контраст-20000:1,2x HDMI, проекційний коеф. - 1.94-2,16:1, аудіо-2W, колір-чорний, 2,17кг;92.93;101.78;8528691000;N
95.71P03GC1E;OPTOMA;5055387636613;Проектор Optoma DS349 (95.71P03GC1E) DLP,SVGA,4:3,800x600,яскравість-3300 Люм.,контраст-20000:1,VGA, HDMI, RS-232, USB, прокц. відстань-1.2 - 12 м, аудіо-2W, колір-чорний, 2,17кг;91.45;95.88;8528691000;N
95.8VH02GC1E;OPTOMA;5060059049233;Проектор Optoma DX346 (95.8VH02GC1E) DLP, XGA, 4:3, 1024x768, яскравість-3000 Люм., контраст-18000:1,  HDMI, проекційний коеф.-1.95-2,15:1, аудіо-2W, колір-чорний, 2,35кг, сумка;116.52;126.85;8528691000;N
95.72H01GC2E;OPTOMA;5055387633346;Проектор OPTOMA H183X (95.72H01GC2E) DLP,HD-Ready 720p,WXGA,1280x800,яск-3200 Люм.,контраст-25000:1, HDMI(1,4a 3D), проекційний коеф.-1.55-1,73:1, аудіо-2W, колір-чорний, 2,17кг;135.70;144.55;8528691000;N
95.8ZE01GC1E;OPTOMA;5060059049608;Проектор Optoma HD141X (95.8ZE01GC1E) DLP,Full3D 1080p,1920x1080,яскравість-3000 Люм.,контраст-23000:1, 2x HDMI, проекційний коеф.-1.48-1,62:1, аудіо-10W, колір-чорний, 2,45кг;191.75;206.50;8528691000;N
95.72J02GC1E;OPTOMA;5055387637719;Проектор Optoma HD142X (95.72J02GC1E) DLP,Full3D 1080p,1920x1080, 3000 Люм., 23000:1, 2x HDMI, MHL, 12V trigger, USB-A,проекційний коеф.-1.48-1,62:1, аудіо-10W, колір-чорний, 2,45кг;153.40;171.10;8528691000;N
E1P0F0G1E1Z1;OPTOMA;5055387600188;Проектор OPTOMA HD151X (E1P0F0G1E1Z1) DLP,FullHD 1080p,1920x1080,яскравість-2800 Люм.,контраст-28000:1, HDMI, проекційний коеф.-1.37-2,05:1, аудіо-30W stereo, колір-чорний, 4,5кг;300.90;354.00;8528691000;N
95.72J02GC1M;OPTOMA;5055387652255;Проектор Optoma HD27B DLP (95.72J02GC1M), DLP,Full3D 1080p,1920x1080, 3200 Люм., 25000:1, 2x HDMI, MHL, 12V trigger, USB-A, 3D-Sync, проекційний коеф.-1.48-1,62:1, аудіо-10W, колір-чорний, 2,38кг;194.11;208.57;8528691000;N
95.71P02GC0E;OPTOMA;5055387631182;Проектор OPTOMA S331 (95.71P02GC0E) DLP,SVGA,4:3,800x600, 3200 Люм., 22000:1, 2xHDMI, ММ-2W, колір-чорний, 2,17кг;92.93;101.78;8528691000;N
95.72H01GC1E;OPTOMA;5055387633315;Проектор OPTOMA W330 (95.72H01GC1E) WXGA, 1280x800,16:10, яскравість -3000 Люм., контраст-20000:1, HDMI, проекційний коеф.-1.55-1,73:1, аудіо-2W, колір-чорний, 2,17кг;123.90;137.18;8528691000;N
95.72G01GC2E;OPTOMA;5055387640023;Проектор Optoma X340 (95.72G01GC2E) DLP, XGA, 1024x768, яскравість-3100 Люм., Контраст-22000:1, VGA, HDMI, RS-232, USB, проекц. відстань-1.2 - 12 м, аудіо-2Вт, колір-чорний;106.20;112.10;8528691000;N
95.70101GC1E;OPTOMA;5060059049943;Проектор OPTOMA X350 (95.70101GC1E) DLP,SVGA,4:3,1024x768, 3400 Люм., 18000:1, HDMI, ММ-10W, колір-білий, 2,57кг,сумка;188.80;202.08;8528691000;N
95.71K03GC0E;OPTOMA;5055387629844;Проектор Інтерактивний Ультракороткофокусний Optoma X319USTir DLP,1024x768, формат4:3, яскравість-3200 Люм, контраст-18000:1, 2хHDMI, RJ45, Аудио - 16W, проекц. відстань : 0,47-0,68 м, колір-білий;265.50;289.10;8528691000;N
91010018;PowerWalker;;Вхідний силовий кабель PowerWalker C19;1.47;1.92;8544429098;N
10122017;PowerWalker;4260074977400;ДБЖ безперервної дії (online)  PowerWalker VFI 10000CRM (10122017) LCD Rack, чиста синусоїда,;0.01;0.01;8504403000;N
10122112;PowerWalker;;ДБЖ безперервної дії (online) PowerWalker VFI 1000 RMG PF1 (10122112) Rack/Tower, чиста синусоїда, PF=1, 1000VA/1000W, batt (Yuasa or CSB) - 3x 12V/7Ah, hot swappable batteries, Charger - 1-12A, 8xIEC C13 Outlet, USB, RS-232, EPO, RJ-45/RJ-11, Intelligent Slot;128.33;154.88;8504403000;N
10120120;PowerWalker;4260074974393;ДБЖ безперервної дії (online) PowerWalker VFI 1000 RT HID (10120120), LCD, Rack/Tower, чиста синусоїда, 1000VA / 900W, batt (Yuasa or CSB) - 3x 12V/7Ah, 8xIEC C13 Outlet, USB, RS-232, Intelligent Slot;118.00;138.65;8504403000;Y
10122041;PowerWalker;4260074978308;ДБЖ безперервної дії (online) PowerWalker VFI 1000 TG (10122041), Tower, чиста синусоїда, 1000VA / 900W, batt (Yuasa or CSB) - 2x 12V/9Ah, 4x C13 IEC,  USB з підтримкою HID, RS-232, Extension Slot, EPO Port, Software-WinPower;60.48;67.85;8504403000;Y
10122044;PowerWalker;4260074978339;ДБЖ безперервної дії (online) PowerWalker VFI 1000 TGS (10122044), Tower, чиста синусоїда, 1000VA / 900W, NO BATT (в комплекті перехідник для підключення зовнішнього акумулятора 24В (1х12В)), 4x C13 IEC,  USB з підтримкою HID, RS-232, Extension Slot, EPO Port, Software-WinPower;60.48;72.28;8504403000;ожидается
10122004;PowerWalker;4260074977219;ДБЖ безперервної дії (online) PowerWalker VFI 10000 CRM LCD (10122017)+ Battery Pack (10134007), Rack, чиста синусоїда, 10000VA / 8000W, 16 pcs. 12V/9Ah, Output Terminal, Input Terminal, USB, RS-232;545.75;634.25;8504403000;N
10120131;PowerWalker;4260074974720;ДБЖ безперервної дії (online) PowerWalker VFI 10000 PRT HID (10120131), LCD, Rack/Tower, чиста синусоїда PF 0.9, USB, RS-232, 10000VA/9000W, batt (Yuasa or CSB) - 20x12V/9Ah, 8x C19 IEC, IN/OUTTerminal, USB with HID Support, RS-232, Dry Contacts, EPO, Extension Slot;663.75;796.50;;N
10120177;PowerWalker;4260074976557;ДБЖ безперервної дії (online) PowerWalker VFI 1000C LCD (10120177), Tower, чиста синусоїда, 1000VA / 800W, Battery: 2 x 12V / 9Ah, Output: 4x IEC, RJ-11/45 (in/out), Connection: USB, RS-232, Intelligent Slot, Output Terminal;78.18;94.40;8504403000;N
10122000;PowerWalker;4260074977172;ДБЖ безперервної дії (online) PowerWalker VFI 1000CRM LCD (10122000) Rack/Tower, 1000VA / 800W, batt (Yuasa or CSB) - 2 шт. 12V / 9Ah, розетки - 3хIEC C13 , External battery connector, USB, RS232, Intelligent Slot;79.65;91.45;8504403000;ожидается
10120195;PowerWalker;4260074977165;ДБЖ безперервної дії (online) PowerWalker VFI 1000R1U (10120195) Rack Slim 1U design 1000VA / 800W, 4 шт. x 6V/7Ah, розетки - 3хIEC C13 , USB, EPO, Intelligent Slot;141.60;169.63;8504403000;N
10122109;PowerWalker;4260074979923;ДБЖ безперервної дії (online) PowerWalker VFI 1500 CG PF1 (10122109) Tower, чиста синусоїда, PF=1, 1500VA/1500W, batt (Yuasa or CSB) - 3 x 12V/9Ah, 4x C13 IEC, USB з підтримкою HID, RS-232, Extension Slot, EPO Port, RJ-45/RJ-11, Software-ViewPower;123.90;148.98;8504403000;ожидается
10122113;PowerWalker;4260074979961;ДБЖ безперервної дії (online) PowerWalker VFI 1500 RMG PF1 (10122113) Rack/Tower, чиста синусоїда, PF=1, 1500VA/1500W, batt (Yuassa or CSB) - 3x 12V/9Ah, hot swappable batteries, Charger - 1-12A, 8xIEC C13 Outlet, USB, RS-232, EPO, RJ-45/RJ-11, Intelligent Slot;151.92;181.43;8504403000;Y
10120121;PowerWalker;4260074974409;ДБЖ безперервної дії (online) PowerWalker VFI 1500 RT HID (10120121), LCD, Rack/Tower, чиста синусоїда, 1500VA / 1350W, batt (Yuasa or CSB) - 4x 12V/7Ah, 8xIEC C13 Outlet, USB, RS-232, Intelligent Slot;132.75;151.93;8504403000;Y
10122110;PowerWalker;4260074979930;ДБЖ безперервної дії (online) PowerWalker VFI 2000 CG PF1 (10122110) Tower, чиста синусоїда, PF=1, 2000VA/2000W, batt (Yuasa or CSB) -  6 x 12V/7Ah, 8x C13 IEC, USB з підтримкою HID, RS-232, Extension Slot, EPO Port, RJ-45/RJ-11, Software-ViewPower;191.75;230.10;8504403000;Y
10122114;PowerWalker;4260074979978;ДБЖ безперервної дії (online) PowerWalker VFI 2000 RMG PF1 (10122114) Rack/Tower, чиста синусоїда, PF=1, 2000VA/2000W, batt (Yuasa or CSB) - 6x12V/7Ah, hot swappable batteries, Charger - 1-8A, 8xIEC C13 Outlet, USB, RS-232, EPO, RJ-45/RJ-11, Intelligent Slot;212.40;255.18;8504403000;Y
10122099;PowerWalker;4260074979763;ДБЖ безперервної дії (online) PowerWalker VFI 2000 TGB (10122099) Tower, чиста синусоїда, 2000VA/1800W, batt (Yuasa or CSB) - 4 x 12V/9Ah, 4x C13 IEC, USB з підтримкою HID, RS-232, Extension Slot, EPO Port, Software-WinPower;106.20;128.33;8504403000;Y
10122001;PowerWalker;4260074977189;ДБЖ безперервної дії (online) PowerWalker VFI 2000CRM LCD (10122001), Rack/Tower, чиста синусоїда, 2000VA / 1600W, batt (Yuasa or CSB) - 4 pcs. 12V / 9Ah, 4x IEC C13, External battery connector, USB, RS-232, Intelligent Slot;126.85;151.93;8504403000;N
10120122;PowerWalker;4260074974416;ДБЖ безперервної дії (online) PowerWalker VFI 2000RT HID (10120122) LCD, Rack/Tower, чиста синусоїда, PF 0.9, USB, RS-232, 2000VA/1800W, batt (Yuasa or CSB) - 4x12V/9Ah, 8x IEC, Ext.run option;168.15;191.75;8504403000;Y
10122042;PowerWalker;4260074978315;ДБЖ безперервної дії (online) PowerWalker VFI 2000TG (10122042), Tower, чиста синусоїда, 2000VA / 1800W, batt (Yuasa or CSB) - 4 x 12V/9Ah, 4x C13 IEC, USB з підтримкою HID, RS-232, Extension Slot, EPO Port, Software-WinPower;103.25;123.90;8504403000;Y
10122111;PowerWalker;4260074979947;ДБЖ безперервної дії (online) PowerWalker VFI 3000 CG PF1 (10122111) Tower, чиста синусоїда, PF=1, 3000VA/3000W, batt (Yuasa or CSB) - 6 x 12V/9Ah, 8x C13 IEC, 1xIEC C19, USB з підтримкою HID, RS-232, Extension Slot, EPO Port, RJ-45/RJ-11, Software-ViewPower;210.93;253.70;8504403000;Y
10122002;PowerWalker;4260074977196;ДБЖ безперервної дії (online) PowerWalker VFI 3000 CRM LCD (10122002), Rack/Tower, чиста синусоїда, 3000VA/2400W, batt (Yuasa or CSB) - 6 pcs. 12V/9Ah,USB, RS-232, EPO, Intelligent Slot, 4x IEC C13,1xTerminal,USB,RS-232;171.10;200.60;8504403000;ожидается
10122115;PowerWalker;4260074979985;ДБЖ безперервної дії (online) PowerWalker VFI 3000 RMG PF1 (10122115)  Rack/Tower, чиста синусоїда, PF=1, 3000VA/3000W, batt (Yuasa or CSB) - 6x12V/9Ah, hot swappable batteries, Charger - 1-8A, 8xIEC C13, 1xIEC C19,  USB, RS-232, EPO, RJ-45/RJ-11, Intelligent Slot;252.23;302.38;8504403000;Y
10122043;PowerWalker;4260074978322;ДБЖ безперервної дії (online) PowerWalker VFI 3000 TG (10122043), Tower, чиста синусоїда, 3000VA/2700W, batt (Yuasa or CSB) - 6 x 12V/9Ah, 4x C13 IEC, 1xC19 IEC,USB з підтримкою HID, RS-232, Extension Slot, EPO Port, Software-WinPower;123.31;147.50;8504403000;Y
10122100;PowerWalker;4260074979770;ДБЖ безперервної дії (online) PowerWalker VFI 3000 TGB (10122100) Tower, чиста синусоїда, 3000VA/2700W, batt (Yuasa or CSB) - 6 x 12V/9Ah, 4x C13 IEC, 1xC19 IEC, USB з підтримкою HID, RS-232, Extension Slot, EPO Port, Software-WinPower;126.85;150.45;8504403000;Y
10120123;PowerWalker;4260074974423;ДБЖ безперервної дії (online) PowerWalker VFI 3000RT HID (10120123) LCD Rack/Tower HID, Rack/Tower, чиста синусоїда, PF 0.9, USB, RS-232, 3000VA/2700W, batt (Yuasa or CSB) - 6x12V/9Ah, 8x C13 IEC, 1x C19 IEC, Ext.run option;215.35;256.65;8504403000;ожидается
10122124;PowerWalker;4260074980110;ДБЖ безперервної дії (online) PowerWalker VFI 6000 TGB PF1 (10122124) Tower, чиста синусоїда PF=1, 6000VA/6000W, batt (Yuasa or CSB) - 16x12V/7Ah, USB з підтримкою HID, RS-232, Output Terminal, Extension Slot, Dry Contacts, EPO Port;531.00;637.20;8504403000;Y
10120130;PowerWalker;4260074974713;ДБЖ безперервної дії (online) PowerWalker VFI 6000P/RT HID (10120130), LCD, Rack/Tower, чиста синусоїда PF 0.9, USB, RS-232, 6000VA/5400W, batt (Yuasa or CSB) - 15x12V/5Ah, 4x C13 IEC,2x C19 IEC,Output Terminal,Ext.run option;545.75;654.90;8504403000;Y
10121074;PowerWalker;4260074980691;ДБЖ лінійно-інтерактивний PowerWalker Basic VI 1000 STL (10121074) , LCD, Schuko, USB, HID Support, Tower, 1000VA / 600W, batt (Yuasa or CSB)1 x 12V/9Ah, output 2xSchuko, RJ11/45 in/ou;22.13;26.55;8504403000;Y
10121076;PowerWalker;4260074980714;ДБЖ лінійно-інтерактивний PowerWalker Basic VI 1500 STL (10121076) LCD, Schuko, USB, HID Support, Tower, 1500VA / 900W, batt (Yuasa or CSB) 2 x 12V/7,2Ah, output 4xSchuko, RJ11/45 in/out;30.98;35.40;8504403000;ожидается
10121077;PowerWalker;4260074980721;ДБЖ лінійно-інтерактивний PowerWalker Basic VI 2200 STL (10121077) LCD, Schuko, USB, HID Support, Tower, 2200VA / 1320W, batt (Yasa or CSB) 2 x 12V/9Ah, output 4xSchuko, RJ11/45 in/out;44.25;53.10;8504403000;Y
10121072;PowerWalker;4260074980677;ДБЖ лінійно-інтерактивний PowerWalker Basic VI 600 STL (10121072),  LCD, Schuko, USB with HID Support, Tower, 600VA / 360W, batt (Yuasa or CSB) 1 x 12V/7Ah, output 2xSchuko, RJ11/45 in/ou;12.69;14.16;8504403000;Y
10120064;PowerWalker;4260074975543;ДБЖ лінійно-інтерактивний PowerWalker VI 1000 PSW IEC (10120064) Tower,чиста синусоїда, APFC, Tower, USB, 1000VA/700W, batt (Yuasa or CSB) - 2x12V/7Ah, 4x IEC, RJ-11/45 (in/out) surge protection;48.68;53.10;8504403000;ожидается
10120082;PowerWalker;4260074976328;ДБЖ лінійно-інтерактивний PowerWalker VI 1000 PSW Shuko (10120082), Tower, чиста синусоїда, APFC, Tower, USB, 1000VA/700W, batt (Yuasa or CSB) - 2x12V/7Ah, 4xShuko, RJ-11/45 (in/out) surge protection;48.68;53.10;8504403000;Y
10121068;PowerWalker;4260074980639;ДБЖ лінійно-інтерактивний PowerWalker VI 1000 SB (10121068) USB, HID Support, Tower, 1000VA/600W, batt 2x12V/5Ah, output 3xSchuko;22.13;26.55;8504403000;N
10120075;PowerWalker;4260074975871;ДБЖ лінійно-інтерактивний PowerWalker VI 1200 IEC (10120075) Tower, USB, 1200VA/600W, batt 2x12V/7Ah, output 6x IEC Outlet, RJ11/RJ45 (in/out);23.90;27.14;8504403000;N
10121099;PowerWalker;4260074981179;ДБЖ лінійно-інтерактивний PowerWalker VI 1200 RLE (10121099), Rack, LCD, 1200VA/720W, чиста синусоїда, APFC, batt (Yuasa or CSB) -2x12V/7.2Ah, output 4x IEC C13 Outlet, USB with HID Support, RS-232, EPO, Extension Slot, RJ-45/RJ-11 protection;67.85;81.13;8504403000;N
10120050;PowerWalker;4260074975079;ДБЖ лінійно-інтерактивний PowerWalker VI 1200 SH Schuko (10120050) USB Tower, RS-232, 1200VA/600W, batt (Yuasa or CSB) - 2x12V/7Ah, output 2xSchuko, 2xIEC, RJ11/45 in/out surge prot;27.44;30.09;8504403000;Y
10120097;PowerWalker;4260074976496;ДБЖ лінійно-інтерактивний PowerWalker VI 1200 SHL (10120097) Tower, RS-232, 1200VA/600W, batt (Yuasa or CSB) - 2x12V/7Ah, output 2xSchuko, 2xIEC, RJ11/45 in/out surge prot;29.50;32.45;8504403000;Y
10120066;PowerWalker;4260074975567;ДБЖ лінійно-інтерактивний PowerWalker VI 2000 PSW IEC (10120066) Tower,чиста синусоїда, APFC, Tower, USB, 2000VA/1400W, batt (Yuasa or CSB) -  2x12V/10Ah, 6x IEC, RJ-11/45 (in/out) surge protection;82.60;103.25;8504403000;N
10120084;PowerWalker;4260074976342;ДБЖ лінійно-інтерактивний PowerWalker VI 2000 PSW Schuko (10120084) Tower,чиста синусоїда, APFC, Tower, USB, 2000VA/1400W, batt (Yuasa or CSB) - 2x12V/10Ah, 4xSchuko, RJ-11/45 (in/out) surge protection;82.60;103.25;8504403000;ожидается
10120028;PowerWalker;4260074974324;ДБЖ лінійно-інтерактивний PowerWalker VI 2000RT HID (10120028), LCD, Rack/Tower, чиста синусоїда, APFC, PF 0.9, USB, RS-232, 2000VA/1800W, batt (Yuasa or CSB) - 6x12V/7Ah, 8x C13 IEC, RJ-11/45, Dry contact (out), Ext.run option;147.50;177.00;8504403000;Y
10121100;PowerWalker;4260074981186;ДБЖ лінійно-інтерактивний PowerWalker VI 2200 RLE (10121100), Rack, LCD, 2200VA/1320W, чиста синусоїда, APFC, batt (Yuasa or CSB) -2x12V/9Ah, output 4x IEC C13 Outlet, USB with HID Support, RS-232, EPO, Extension Slot, RJ-45/RJ-11 protection;75.23;89.98;8504403000;N
10120051;PowerWalker;4260074975086;ДБЖ лінійно-інтерактивний PowerWalker VI 2200 SH (10120051) Tower, USB, RS-232, 2200VA/1100W, batt (Yuasa or CSB) - 2x12V/9Ah, output 2xSchuko, 2xIEC, RJ11/45 in/out surge prot;47.20;53.10;8504403000;N
10120094;PowerWalker;4260074976441;ДБЖ лінійно-інтерактивний PowerWalker VI 2200 SHL IEC (10120094) LCD Tower, USB, 2200VA/1200W, batt (Yuasa or CSB) - 2x12V/9Ah, output 6xIEC, RJ11/45 in/out surge prot;50.15;56.05;8504403000;Y
10120098;PowerWalker;4260074976502;ДБЖ лінійно-інтерактивний PowerWalker VI 2200 SHL Schuko (10120098), LCD, Tower, USB, 2200VA/1200W, batt (Yuasa or CSB)- 2x12V/9Ah, output 2x IEC 2x Schuko Outlet, RJ11/RJ45 (in/out);50.15;56.05;8504403000;Y
10121021;PowerWalker;4260074978384;ДБЖ лінійно-інтерактивний PowerWalker VI 3000 LCD IEC (10121021) Tower, 3000Ва/1800Вт, batt (Yuasa or CSB) - 4 шт. 12V / 9Ah, розетки - 8xIEC C13 , RJ-11/45 (in/out), USB;91.45;101.78;8504403000;Y
10121020;PowerWalker;4260074978377;ДБЖ лінійно-інтерактивний PowerWalker VI 3000 LCD Schuko (10121020) Tower, 3000Ва/1800Вт,  batt (Yuasa or CSB) - 4 шт. 12V / 9Ah, розетки - 4x Schuko, RJ-11/45 (in/out), USB;91.45;101.78;8504403000;Y
10121101;PowerWalker;4260074981193;ДБЖ лінійно-інтерактивний PowerWalker VI 3000 RLE (10121101), Rack, LCD, 3000VA/1800W, чиста синусоїда, APFC, batt (Yuasa or CSB) -4x12V/7,2Ah, output 8x IEC C13 Outlet, USB with HID Support, RS-232, EPO, Extension Slot, RJ-45/RJ-11 protection;101.78;122.43;8504403000;Y
10120024;PowerWalker;4260074974171;ДБЖ лінійно-інтерактивний PowerWalker VI 3000RT HID (10120024), LCD, Rack/Tower, чиста синусоїда, APFC, PF 0.9, USB, RS-232, 3000VA/2700W, batt (Yuasa or CSB) - 6x12V/9Ah, 8x C13 IEC, 1x C19 IEC, RJ-11/45, Dry contact;178.47;206.50;8504403000;Y
10120079;PowerWalker;4260074976298;ДБЖ лінійно-інтерактивний PowerWalker VI 600 SW/Schuko (10120079) Tower, чиста синусоїда, APFC,Tower, LCD, USB, 600VA/360W, batt 1x12V/7Ah, 2x Schuko, RJ-11/45 (in/out) surge protection;11.80;13.28;8504403000;N
10121066;PowerWalker;4260074980615;ДБЖ лінійно-інтерактивний PowerWalker VI 650 SB (10121066) USB, HID Support, Tower, 650VA/360W, batt 12V/5Ah, output 2xSchuko;9.74;10.62;8504403000;N
10120073;PowerWalker;4260074975857;ДБЖ лінійно-інтерактивний PowerWalker VI 650 SH IEC (10120073) USB Tower, 650VA/360W, batt (Yuasa or CSB) -  12V/7Ah, output 4x IEC Outlet, RJ11/45 in/out surge prot;12.98;14.46;8504403000;Y
10120048;PowerWalker;4260074975055;ДБЖ лінійно-інтерактивний PowerWalker VI 650 SH Schuko (10120048) USB Tower, 650VA/360W, batt (Yuasa or CSB) - 1x12V/7Ah, output 2xSchuko, RJ11/45 in/out surge prot;12.98;14.46;8504403000;Y
10121067;PowerWalker;4260074980622;ДБЖ лінійно-інтерактивний PowerWalker VI 850 SB (10121067) USB, HID Support, Tower, 850VA/480W, batt 12V/6Ah, output 2xSchuko;15.34;17.70;8504403000;N
10120074;PowerWalker;4260074975864;ДБЖ лінійно-інтерактивний PowerWalker VI 850 SH IEC (10120074) Tower, USB, 850VA/480W, batt (Yuasa or CSB) - 1x12V/9Ah, output 4x IEC Outlet, RJ11 (in/out);15.34;17.70;8504403000;ожидается
10120049;PowerWalker;4260074975062;ДБЖ лінійно-інтерактивний PowerWalker VI 850 SH Schuko (10120049) USB Tower, 850VA/480W, batt (Yuasa or CSB) - 12V/9Ah, output 2xSchuko, RJ11/45 in/out surge prot;15.34;17.70;8504403000;Y
10120404;PowerWalker;4260074973822;ДБЖ резервний PowerWalker VFD 600 IEC (10120404), Tower, VFD 600 IEC 600VA/360W output 2xIEC Batt 12V/7Ah Wall or Desk use;12.09;13.28;8504403000;N
10120417;PowerWalker;4260074978186;ДБЖ резервний PowerWalker VFD 600 Schuko (10120417), Tower, 600VA/360W, output 2xShuko, Batt 12V/7Ah, Wall or Desk use;10.32;11.21;8504403000;N
10120411;PowerWalker;4260074975505;ДБЖ резервний PowerWalker VFD 800 APFC (10120411), Tower, 800VA / 420W for APFC Equipment, 6x Schuko outlets, RJ11/RJ45 Surge Protection Batt 12V/7Ah;26.55;36.88;8504403000;N
10120418;PowerWalker;4260074978193;ДБЖ резервний PowerWalker VFD 800 Schuko (10120418), Tower, 800VA/480W, output 2xShuko, Batt 12V/9Ah, Wall or Desk use;12.09;13.28;8504403000;N
10120534;PowerWalker;4260074974638;Зовнішній акумуляторний блок PowerWalker Battery Pack (10120534) for VI 2000/3000RT;159.30;177.00;8507802000;N
10120536;PowerWalker;4260074974652;Зовнішній акумуляторний блок PowerWalker Battery Pack (10120536) for VFI 1500/2000RT;120.95;147.50;8507802000;N
10120537;PowerWalker;4260074974669;Зовнішній акумуляторний блок PowerWalker Battery Pack (10120537) for VFI 3000RT;177.00;206.50;8507802000;N
10120538;PowerWalker;4260074974676;Зовнішній акумуляторний блок PowerWalker Battery Pack (10120538) for VFI 6000RT;259.60;309.75;8507802000;N
10120215;PowerWalker;4260074977233;Інвертор PowerWalker Inverter 1200 PSW (10120215), 1200VA / 840W, чиста синусоїда, підключення - розетка Schuko, установка - стійка, вх. напруга - 12 В, ток заряда - 10 або 20A;59.00;70.80;8504408400;Y
10120209;PowerWalker;4260074975963;Інвертор PowerWalker Inverter 3000 PSW (10120209), 3000VA/2400W, чиста синусоїда, підключення - термінал in/out, установка - стійка/башня, вх. напруга -24 В, ток заряда - 20A;109.15;131.28;8504408400;Y
10120210;PowerWalker;4260074975970;Інвертор PowerWalker Inverter 5000 PSW (10120210), 5000VA/4200W, чиста синусоїда, підключення - термінал in/out, установка - стійка/башня, вх. напруга - 48 В, ток заряда - 25A;191.75;230.10;8504408400;N
10120505;PowerWalker;4260074974034;Мережева плата PowerWalker SNMP (10120505) - ДБЖ  VFI 1-3K LCD, VFI 6-10K C LCD, VFI 1-3K RM LCD, VFI 6R-10K R LCD;54.57;63.43;8504909100;Y
10120517;PowerWalker;4260074974461;Мережева плата PowerWalker SNMP\NMC (10120517) для ДБЖ  VI 1000E/RT, 1000-3000RT LCD, VFI 1000-10000T LCD, VFI 1000-3000RT LCD, 6000-10000P/RT LCD;60.48;64.90;8504909100;Y
10120507;PowerWalker;4260074974218;Рейки для монтажу в стійку/шафу PowerWalker Rack Kit (10120507) для ДБЖ VFI 1000-3000RM LCD,  VFI 6000-10000R LCD, VFI 1000-3000R LCD;25.96;28.03;8302490090;Y
10120529;PowerWalker;4260074974584;Рейки для монтажу в стійку/шафу PowerWalker Rack Kit (10120529) для ДБЖ VI 1500-3000R, VI 1000E/RT, VI 1000-3000RT LCD, VFI 1000-3000RT LCD;24.48;26.55;7326909490;N
10120531;PowerWalker;4260074974607;Рейки для монтажу в стійку/шафу PowerWalker Rack Kit (10120531) для ДБЖ VFI 6000P/RT LCD, VFI 10000P/RT LCD;25.96;28.03;8302490090;Y
10120301;PowerWalker;4260074973563;Стабілізатор PowerWalker AVR 1000 (10120301), 1000VA/600W AVR, 3x Schuko output, RJ11 (in/out), desk/wall;7.97;8.56;8504318000;N
10120302;PowerWalker;4260074973570;Стабілізатор PowerWalker AVR 1200 (10120302), 1200VA/720W AVR, 3x Schuko output, RJ11 (in/out), desk/wall;4.43;5.90;8504320090;N
10120305;PowerWalker;4260074976793;Стабілізатор PowerWalker AVR 1500/SIV (10120305), 1500VA/1200W AVR, Schuko Input, 1x Schuko Outlet, compact tower design with LCD;13.86;15.05;8504320090;N
10120306;PowerWalker;4260074976809;Стабілізатор PowerWalker AVR 2000/SIV  (10120306), 2000VA/1600W AVR, Schuko Input, 1x Schuko Outlet, compact tower design with LCD;15.05;16.23;8504320090;N
10120307;PowerWalker;4260074976816;Стабілізатор PowerWalker AVR 3000/SIV (10120307), 3000VA/2400W AVR, Terminal Input, 1x Schuko Outlet, Terminal Outlet, compact tower design with LCD;21.54;23.60;8504320090;N
10120300;PowerWalker;4260074973556;Стабілізатор PowerWalker AVR 600 (10120300), 600VA/360W AVR, 3x Schuko output, RJ11 (in/out), desk/wall;5.90;6.34;8504403000;N
ROC-14-510;Roccat;4250288149298;Гарнітура дротова Roccat Cross - Multi-platform Over-ear Stereo Gaming Headset;19.58;22.00;8518309590;N
ROC-14-210;Roccat;4250288186613;Гарнітура дротова Roccat, Aluma, Premium Performance In-Ear Headset, EU Packaging;13.92;16.00;8518309590;N
ROC-14-900;Roccat;4250288166745;Гарнітура дротова Roccat, Kave XTD 5.1 Analog Headset;35.09;40.00;8518309590;N
ROC-14-160;Roccat;4250288141605;Гарнітура дротова Roccat, Kave XTD 5.1 Digital - Premium 5.1 Surround Headset;58.00;66.26;8518309590;N
ROC-14-610;Roccat;4250288117167;Гарнітура дротова Roccat, Kave XTD Stereo - Premium Stereo Headset;17.60;20.00;8518309590;N
ROC-14-800;Roccat;4250288175549;Гарнітура дротова Roccat, KHAN AIMO - 7.1 High Resolution RGB Gaming Headset;33.33;39.99;8518309590;Y
ROC-14-622;Roccat;4250288143814;Гарнітура дротова Roccat, KHAN PRO - Competitive High Resolution Gaming Headset, black;23.90;29.99;8518309590;Y
ROC-14-620;Roccat;4250288122215;Гарнітура дротова Roccat, KHAN PRO - Competitive High Resolution Gaming Headset, grey;23.90;29.99;8518309590;N
ROC-14-621;Roccat;4250288131644;Гарнітура дротова Roccat, KHAN PRO - Competitive High Resolution Gaming Headset, white;23.90;29.99;8518309590;Y
ROC-14-400;Roccat;4250288185845;Гарнітура дротова Roccat, Renga - Studio Grade Over-ear Stereo Gaming Headset;11.60;13.00;8518309590;N
ROC-14-410;Roccat;4250288128569;Гарнітура дротова Roccat, Renga Boost - Studio Grade Over-ear Stereo Gaming Headset;17.26;22.99;8518309590;Y
ROC-14-100;Roccat;4250288141001;Гарнітура дротова Roccat, Syva High Performance In-Ear Headset;4.64;5.99;8518309590;Y
ROC-13-400;Roccat;4250288134003;Килимок Roccat, Alumic Hardpad;10.62;13.00;4016999790;Y
ROC-13-411;Roccat;4250288134119;Килимок Roccat, HIRO 3D Supremacy Surface Gaming Mousepad;11.60;12.10;4016100090;N
ROC-13-010;Roccat;4250288170360;Килимок Roccat, Kanga - Choice Cloth Gaming Mousepad;2.26;2.89;4016999790;Y
ROC-13-011;Roccat;4250288155046;Килимок Roccat, Kanga Mini - Choice Cloth Gaming Mousepad;2.01;2.49;4016999790;Y
ROC-13-012;Roccat;4250288172159;Килимок Roccat, Kanga XXL - Choice Cloth Gaming Mousepad;4.72;5.99;4016999790;Y
ROC-13-120;Roccat;4250288133112;Килимок Roccat, Sense Kinetic 2mm - High Precision Gaming Mousepad;4.13;4.99;4016999790;Y
ROC-13-070;Roccat;4250288171565;Килимок Roccat, Siru - Cryptic Blue Desk Fitting Gaming Mousepad;2.90;3.29;4016999790;N
ROC-13-071;Roccat;4250288188563;Килимок Roccat, Siru - Cryptic Blue Desk Fitting Gaming Mousepad;2.90;3.22;4016999790;N
ROC-13-110;Roccat;4250288131101;Килимок Roccat, Sota Granular Black Gaming MousePad;4.43;5.61;4016100090;N
ROC-13-170;Roccat;4250288117044;Килимок Roccat, Taito Control Gaming Mousepad;4.06;4.27;4016999790;N
ROC-13-052;Roccat;4250288180529;Килимок Roccat, Taito King-Size 3mm - Shiny Black Gaming Mousepad;5.80;6.70;4016999790;N
ROC-13-062;Roccat;4250288130623;Килимок Roccat, Taito King-Size 5mm - Shiny Black Gaming Mousepad;7.83;9.00;4016999790;N
ROC-13-056;Roccat;4250288182486;Килимок Roccat, Taito Mid-Size 3mm - Shiny Black Gaming Mousepad;3.10;3.69;4016999790;N
ROC-13-060;Roccat;4250288130609;Килимок Roccat, Taito Mid-Size 5mm - Shiny Black Gaming Mousepad;6.38;7.30;4016999790;N
ROC-13-053;Roccat;4250288130531;Килимок Roccat, Taito Mini-Size 3mm - Shiny Black Gaming Mousepad;2.90;3.40;4016999790;N
ROC-13-063;Roccat;4250288130630;Килимок Roccat, Taito Mini-Size 5mm - Shiny Black Gaming Mousepad;3.77;4.52;4016100090;N
ROC-13-050;Roccat;4250288130500;Килимок Roccat, Taito Shiny Black Gaming Mousepad;4.93;5.50;4016999790;N
ROC-13-058;Roccat;4250288186767;Килимок Roccat, Taito XXL-Size 3mm - Shiny Black Gaming Mousepad;5.61;7.00;4016999790;Y
ROC-12-231-BK;Roccat;4250288173781;Клавіатура дротова Roccat Skeltr Black, Smart Communication RGB Gaming Keyboard, US Layout;47.85;49.37;8471606000;N
ROC-12-181-BN;Roccat;4250288199927;Клавіатура дротова Roccat Sova MK, Mechanical Gaming Lapboard, Brown Switch, US Layout;53.65;59.99;8471606000;N
ROC-12-151;Roccat;4250288181830;Клавіатура дротова Roccat Sova, Gaming Lapboard, US Layout, EU Packaging;42.05;47.10;8471606000;N
ROC-12-251;Roccat;4250288141674;Клавіатура дротова Roccat Suora FX, RGB Illuminated Frameless  Mechanical Gaming Keyboard, US Layout, EU Packaging;36.25;37.99;8471606000;N
ROC-12-211;Roccat;4250288155701;Клавіатура дротова Roccat Suora, Mechanical Tactile Keyboard, RU Layout;25.23;25.99;8471606000;N
ROC-12-311-BK;Roccat;4250288166547;Клавіатура дротова Roccat, Horde - Membranical Gaming Keyboard, Black, RU Layout, EU Packaging;18.59;22.99;8471606000;Y
ROC-12-361-BK;Roccat;4250288119772;Клавіатура дротова Roccat, Horde AIMO - Membranical 2.0 RGB Gaming Keyboard, Black, RU Layout, EU Packaging;23.90;29.99;8471606000;Y
ROC-12-361-GY;Roccat;4250288164444;Клавіатура дротова Roccat, Horde AIMO - Membranical 2.0 RGB Gaming Keyboard, Grey, RU Layout, EU Packaging;23.90;29.99;8471606000;Y
ROC-12-911;Roccat;4250288129115;Клавіатура дротова Roccat, Isku FX – Black Multicolor Gaming Keyboard - RU;12.18;14.99;8471606000;N
ROC-12-931;Roccat;4250288124851;Клавіатура дротова Roccat, Isku FX White Multicolor Gaming Keyboard, RU Layout;12.18;14.99;8471606000;N
ROC-12-731;Roccat;4250288127319;Клавіатура дротова Roccat, Isku Illuminated Gaming Keyboard RU;14.21;15.49;8471606000;N
ROC-12-881-BN;Roccat;4250288110397;Клавіатура дротова Roccat, Ryos MK FX, MX RGB Brown, RU Layout;29.21;35.99;8471606000;Y
ROC-12-761-BE;Roccat;4250288194328;Клавіатура дротова Roccat, Ryos MK Glow Keyboard, MX Blue, RU Layout;23.20;24.00;8471606000;N
ROC-12-761-BK;Roccat;4250288191914;Клавіатура дротова Roccat, Ryos MK Glow, MX Black, RU Layout;27.55;27.20;8471606000;N
ROC-12-861-BE;Roccat;4250288185906;Клавіатура дротова Roccat, Ryos MK Pro, Keyboard MX Blue, RU Layout;44.95;48.00;8471606000;N
ROC-12-861-BK;Roccat;4250288142800;Клавіатура дротова Roccat, Ryos MK Pro, MX Black, RU Layout;58.00;60.96;8471606000;N
ROC-12-861-BN;Roccat;4250288167636;Клавіатура дротова Roccat, Ryos MK Pro, MX Brown, Gaming Keyboard RU Layout;25.94;29.99;8471606000;N
ROC-12-861-RD;Roccat;4250288195349;Клавіатура дротова Roccat, Ryos MK Pro, MX Red, RU Layout;44.95;47.79;8471606000;N
ROC-12-611-BK;Roccat;4250288193260;Клавіатура дротова Roccat, Ryos MK, MX Black, RU Layout;30.45;33.13;8471606000;N
ROC-12-661-BN;Roccat;4250288142091;Клавіатура дротова Roccat, Ryos TKL Pro, MX Brown, Gaming Keyboard RU Layout;25.15;25.47;8471606000;N
ROC-11-311;Roccat;4250288184657;Комплект Roccat Lua Tri-Button Mouse + Kanga Cloth Mousepad Gaming Bundle;8.70;10.00;8471607000;N
ROC-11-852;Roccat;4250288168565;Миша бездротова Roccat, Leadr - Wireless Multi-Button RGB Gaming Mouse, Black;30.98;40.00;8471607000;N
ROC-11-320;Roccat;4250288124004;Миша дротова Roccat, Kiro- Modular Ambidextrous Gaming Mouse;11.51;13.99;8471607000;Y
ROC-11-815-BK;Roccat;4250288115767;Миша дротова Roccat, Kone AIMO - RGBA Smart Customization Gaming Mouse, black, EU Packaging;22.36;27.00;8471607000;N
ROC-11-815-GY;Roccat;4250288170476;Миша дротова Roccat, Kone AIMO - RGBA Smart Customization Gaming Mouse, grey, EU Packaging;22.36;27.00;8471607000;Y
ROC-11-815-WE;Roccat;4250288150157;Миша дротова Roccat, Kone AIMO - RGBA Smart Customization Gaming Mouse, white, EU Packaging;22.36;27.00;8471607000;Y
ROC-11-812;Roccat;4250288135307;Миша дротова Roccat, Kone EMP - Max Performance RGB Gaming Mouse, EU Packaging;20.65;25.00;8471607000;Y
ROC-11-725;Roccat;4250288144842;Миша дротова Roccat, Kone Pure - Optical Owl-Eye Core Performance RGB Gaming;16.52;20.00;8471607000;Y
ROC-11-722;Roccat;4250288167919;Миша дротова Roccat, Kone Pure SE, EU Packaging;12.96;16.99;8471607000;N
ROC-11-810;Roccat;4250288118102;Миша дротова Roccat, Kone XTD – Max Customization Gaming Mouse;20.30;25.00;8471607000;N
ROC-11-502;Roccat;4250288164062;Миша дротова Roccat, Kova - Pure Performance Gaming Mouse, black;13.63;16.99;8471607000;Y
ROC-11-503;Roccat;4250288185470;Миша дротова Roccat, Kova - Pure Performance Gaming Mouse, white;13.63;16.99;8471607000;Y
ROC-11-310;Roccat;4250288113107;Миша дротова Roccat, Lua - Tri-Button Gaming Mouse;7.57;9.99;8471607000;N
ROC-11-900;Roccat;4250288159259;Миша дротова Roccat, Nyth - Modular MMO Gaming Mouse, Black;23.01;27.00;8471607000;N
ROC-11-901;Roccat;4250288116436;Миша дротова Roccat, Nyth - Modular MMO Gaming Mouse, White;23.01;27.00;8471607000;N
ROC-11-850;Roccat;4250288174146;Миша дротова Roccat, Tyon - All Action Multi-Button Gaming Mouse, Black;22.13;26.00;8471607000;Y
ROC-11-851;Roccat;4250288172241;Миша дротова Roccat, Tyon - All Action Multi-Button Gaming Mouse, White;22.13;26.00;8471607000;Y
SL-8204-BK;SPEEDLINK;4027301920093;Акустичні колонки SPEEDLINK QUAINT 2.1 Subwoofer System, black;1.99;2.49;8518210090;N
SL-8001-BK;SPEEDLINK;4027301206289;Акустичні колонки SPEEDLINK SNAPPY Stereo Speakers, black;1.77;2.02;8518210090;N
SL-810002-BKGY;SPEEDLINK;4027301429640;Акустичні колонки SPEEDLINK SNAPPY Stereo Speakers, black-grey;0.80;0.99;8518210090;N
SL-810002-BETE;SPEEDLINK;4027301276718;Акустичні колонки SPEEDLINK SNAPPY Stereo Speakers, blue-turquoise;0.80;0.99;8518210090;N
SL-810002-RDWE;SPEEDLINK;4027301968187;Акустичні колонки SPEEDLINK SNAPPY Stereo Speakers, red-white;2.67;3.00;8518210090;N
SL-810002-WEYW;SPEEDLINK;4027301718843;Акустичні колонки SPEEDLINK SNAPPY Stereo Speakers, white-yellow;0.80;0.99;8518210090;N
SL-810004-BK;SPEEDLINK;4027301309775;Акустичні колонки SPEEDLINK TWOXO Stereo Speakers, black;1.65;2.00;8518210090;N
SL-8011-BK;SPEEDLINK;4027301299533;Акустичні колонки SPEEDLINK VIORA Stereo Speakers, black;3.02;3.40;8518210090;N
SL-4478-BK;SPEEDLINK;4027301044782;Гарнітура бездротова SPEEDLINK SCYLLA Wireless Console Gaming Headset - for PS3/Xbox 360/PC, black;7.83;8.25;8518309590;N
SL-8783-BK;SPEEDLINK;4027301087833;Гарнітура дротова SPEEDLINK CONIUX Stereo Gaming Headset, black;5.90;9.00;8518309590;ожидается
SL-860000-BK;SPEEDLINK;4027301150605;Гарнітура дротова SPEEDLINK LEGATOS Stereo Gaming Headset, black;3.94;4.99;8518309590;Y
SL-860001-BK;SPEEDLINK;4027301353600;Гарнітура дротова SPEEDLINK MARTIUS Stereo Gaming Headset, black;8.70;11.00;8518309590;N
SL-870000-BK;SPEEDLINK;4027301288902;Гарнітура дротова SPEEDLINK MEDUSA STREET XE Stereo Headset, black;3.24;3.99;8518309590;N
SL-870002-BKGY;SPEEDLINK;4027301186178;Гарнітура дротова SPEEDLINK SONID Stereo Headset - USB, black-grey;4.31;5.49;8518309590;Y
SL-4475-BK;SPEEDLINK;4027301044751;Гарнітура дротова SPEEDLINK XANTHOS Stereo Console Gaming Headset, black;13.92;16.99;8518309590;ожидается
SL-650100-BK-01;SPEEDLINK;4027301824780;Геймпад бездротовий SPEEDLINK STRIKE NX Gamepad - Wireless - for PC, black;6.38;8.00;8471607000;N
SL-6576-BK-02;SPEEDLINK;4027301114102;Геймпад бездротовий SPEEDLINK TORID Gamepad - Wireless - for PC-PS3, black;7.54;9.99;8471607000;ожидается
SL-6566-BK;SPEEDLINK;4027301065664;Геймпад бездротовий SPEEDLINK XEOX Pro Analog Gamepad - Wireless, black;7.38;9.00;8471607000;N
SL-6566-BK-01;SPEEDLINK;4027301175356;Геймпад бездротовий SPEEDLINK XEOX Pro Analog Gamepad - wireless, black;7.54;9.99;8471607000;Y
SL-650005-BK;SPEEDLINK;4027301358315;Геймпад дротовий SPEEDLINK QUINOX Pro USB Gamepad, black;13.92;14.99;8471607000;N
SL-650000-BK-01;SPEEDLINK;4027301112818;Геймпад дротовий SPEEDLINK STRIKE NX Gamepad - for PC, black;4.79;6.00;8471607000;Y
SL-6515-BK;SPEEDLINK;4027301165159;Геймпад дротовий SPEEDLINK THUNDERSTRIKE Gamepad - USB, black;2.32;3.49;8471607000;ожидается
SL-6556-BK;SPEEDLINK;4027301065565;Геймпад дротовий SPEEDLINK XEOX Pro Analog Gamepad - USB, black;5.51;7.49;8471607000;Y
SL-6632-BK;SPEEDLINK;4027301801941;Джойстик SPEEDLINK DARK TORNADO Joystick;3.19;3.99;8471607000;Y
SL-6638-BK;SPEEDLINK;4027301589146;Джойстик SPEEDLINK PHANTOM HAWK Flightstick, black;7.83;8.99;8471607000;N
SL-4495-BKOR;SPEEDLINK;4027301144956;Кермо SPEEDLINK BKOR DRIFT O.Z. Racing Wheel, black-orange;12.18;13.26;8471607000;N
SL-650300-BK;SPEEDLINK;4027301912142;Кермо SPEEDLINK BLACK BOLT Racing Wheel - for PC, black;10.65;14.99;8471607000;Y
SL-6694-RD;SPEEDLINK;4027301366945;Кермо SPEEDLINK CARBON GT Racing Wheel PC  PS3, red-black;11.60;12.72;8471607000;N
SL-4484-BK;SPEEDLINK;4027301244847;Кермо SPEEDLINK DARKFIRE Racing Wheel - for PS3/PC, black;8.12;8.75;8471607000;N
SL-6684-BK;SPEEDLINK;4027301266849;Кермо SPEEDLINK DARKFIRE Racing Wheel for PC  PS3, black;7.54;8.27;8471607000;N
SL-6695-BKOR;SPEEDLINK;4027301266955;Кермо SPEEDLINK DRIFT O.Z. Racing Wheel PC, black-orange;11.60;12.72;8471607000;N
SL-6695-BKOR-01;SPEEDLINK;4027301987638;Кермо SPEEDLINK DRIFT O.Z. Racing Wheel PC, black-orange;13.34;17.99;8471607000;Y
SL-450500-BK;SPEEDLINK;4027301421743;Кермо SPEEDLINK TRAILBLAZER Racing Wheel for PS4/Xbox One/PS3/PC, Black;16.52;20.00;8471607000;Y
SL-250500-BK;SPEEDLINK;4027301476927;Кермо SPEEDLINK TRAILBLAZER Racing Wheel for Xbox One/PS4/PS3, Black;23.20;25.54;8471607000;N
SL-6201-BK;SPEEDLINK;4027301333046;Килимок SPEEDLINK BASIC Mousepad, black;0.30;0.39;4016999790;Y
SL-6201-BKBERD;SPEEDLINK;4027301420203;Килимок SPEEDLINK BASIC Mousepad, black,blue,red;0.32;0.40;4016999790;Y
SL-620102-BK;SPEEDLINK;4027301375725;Килимок SPEEDLINK CRIPT Ultra Thin Gaming Mousepad, black;2.32;2.70;4016999790;N
SL-620102-CAM;SPEEDLINK;4027301237498;Килимок SPEEDLINK CRIPT Ultra Thin Gaming Mousepad, camouflage;0.47;0.60;4016999790;N
SL-6201-BBR;SPEEDLINK;4027301062014;Килимок SPEEDLINK MOUSEPAD BASIC;0.26;0.29;4016100090;N
SL-6201-SBK;SPEEDLINK;4027301162011;Килимок SPEEDLINK MOUSEPAD BASIC, black;0.26;0.29;4016100090;N
SL-6242-CAT;SPEEDLINK;4027301490985;Килимок SPEEDLINK SILK Mousepad, Baby Cat;0.40;0.49;4016999790;N
SL-6242-P09;SPEEDLINK;4027301986792;Килимок SPEEDLINK SILK Mousepad, Cat;1.16;1.41;4016999790;N
SL-6242-BIRDS;SPEEDLINK;4027301982442;Килимок SPEEDLINK SILK Mousepad, Crazy Birds;1.16;1.27;4016100090;N
SL-620000-M02;SPEEDLINK;4027301407686;Килимок SPEEDLINK SILK Mousepad, KAZIMIR;0.39;0.49;4016999790;N
SL-6242-LION;SPEEDLINK;4027301344066;Килимок SPEEDLINK SILK Mousepad, Lion;1.10;1.41;4016999790;N
SL-620000-M03;SPEEDLINK;4027301871791;Килимок SPEEDLINK SILK Mousepad, LUMPI;0.39;0.49;4016999790;N
SL-6242-METAL;SPEEDLINK;4027301460148;Килимок SPEEDLINK SILK Mousepad, Metal;1.16;1.41;4016100090;N
SL-620000-MUSCLE;SPEEDLINK;4027301311013;Килимок SPEEDLINK SILK Mousepad, MUSCLE;0.39;0.49;4016100090;N
SL-6242-ORCA;SPEEDLINK;4027301402650;Килимок SPEEDLINK SILK Mousepad, Orca;1.16;1.41;4016999790;N
SL-6242-PARADISE;SPEEDLINK;4027301482683;Килимок SPEEDLINK SILK Mousepad, Paradise;1.16;1.41;4016999790;N
SL-6242-F01;SPEEDLINK;4027301987355;Килимок SPEEDLINK SILK Mousepad, Pear;1.10;1.41;4016999790;N
SL-6242-RABBIT;SPEEDLINK;4027301508697;Килимок SPEEDLINK SILK Mousepad, Rabbit;1.16;1.41;4016999790;N
SL-620000-M01;SPEEDLINK;4027301331578;Килимок SPEEDLINK SILK Mousepad, SCICO;0.39;0.49;4016999790;N
SL-670000-BK-UA;SPEEDLINK;4027301205893;Клавіатура дротова SPEEDLINK FERUS Gaming Keyboard, black - UA layout;1.77;2.49;8471606000;N
SL-670001-BK-UA;SPEEDLINK;4027301872323;Клавіатура дротова SPEEDLINK IOVIA Gaming Keyboard, black - UA layout;2.09;2.99;8471606000;N
SL-140102-BK;SPEEDLINK;4027301914641;Концентратор SPEEDLINK NOBILE Compact USB Hub - 4-Port, black;2.17;2.50;8471800000;N
SL-140102-WE;SPEEDLINK;4027301277937;Концентратор SPEEDLINK NOBILE Compact USB Hub - 4-Port, white;2.17;2.50;8471800000;N
SL-140000-BK;SPEEDLINK;4027301910292;Концентратор SPEEDLINK SNAPPY SLIM USB Hub, 4-Port, USB 2.0, Passive, Black;1.06;1.29;;ожидается
SL-140000-WE;SPEEDLINK;4027301461510;Концентратор SPEEDLINK SNAPPY SLIM USB Hub, 4-Port, USB 2.0, Passive, White;1.06;1.29;;ожидается
SL-140010-BK;SPEEDLINK;4027301348828;Концентратор SPEEDLINK SNAPPY USB Hub, 4-Port, USB 2.0, Active, Black;4.35;5.40;8471800000;Y
SL-140011-BK;SPEEDLINK;4027301136357;Концентратор SPEEDLINK SNAPPY USB Hub, 4-Port, USB 2.0, Passive Black;3.28;4.00;8471800000;Y
SL-140103-BK;SPEEDLINK;4027301238549;Концентратор SPEEDLINK SNAPPY USB Hub, 4-Port, USB 3.0, Active, Black;6.50;7.50;8471800000;Y
SL-140104-BK;SPEEDLINK;4027301842883;Концентратор SPEEDLINK SNAPPY USB Hub, 4-Port, USB 3.0, Passive, Black;4.41;5.10;8471800000;Y
SL-660001-BKWE;SPEEDLINK;4027301504873;Крісло ігрове SPEEDLINK LOOTER Gaming Chair, black-white;41.76;50.00;9401300000;N
SL-660000-BK-01;SPEEDLINK;4027301548570;Крісло ігрове SPEEDLINK REGGER Gaming Chair, black;49.01;59.99;9401300000;N
SL-660000-BK;SPEEDLINK;4027301572995;Крісло ігрове SPEEDLINK REGGER Gaming Chair, black;49.01;59.99;9401300000;N
SL-660000-RD-01;SPEEDLINK;4027301873337;Крісло ігрове SPEEDLINK REGGER Gaming Chair, red;49.01;59.99;9401300000;Y
SL-660000-YW;SPEEDLINK;4027301903836;Крісло ігрове SPEEDLINK REGGER Gaming Chair, yellow;49.01;59.99;9401300000;N
SL-7402-BK;SPEEDLINK;4027301174021;Ліхтарик SPEEDLINK Світлодіодний ліхтарик для освітлення клавіатури FLASH LED Spotlight, black;0.44;0.68;8513100000;N
SL-630013-BKBK;SPEEDLINK;4027301310252;Миша бездротова SPEEDLINK CEPTICA Mouse - Wireless USB, black;1.27;1.79;8471607000;Y
SL-630013-BKRD;SPEEDLINK;4027301589788;Миша бездротова SPEEDLINK CEPTICA Mouse - Wireless USB, blackred;1.27;1.79;8471607000;ожидается
SL-680100-BK-01;SPEEDLINK;4027301721232;Миша бездротова SPEEDLINK FORTUS Gaming Mouse - Wireless, black;4.81;5.99;8471607000;N
SL-6300-BK;SPEEDLINK;4027301567632;Миша бездротова SPEEDLINK JIGG Mouse - Wireless, black;1.57;1.80;8471607000;N
SL-630100-BK;SPEEDLINK;4027301471236;Миша бездротова SPEEDLINK JIXSTER Mouse - Bluetooth, black;2.84;3.40;8471607000;N
SL-630010-BK;SPEEDLINK;4027301638783;Миша бездротова SPEEDLINK JIXSTER Mouse - Wireless, black;1.68;2.00;8471607000;Y
SL-630011-BK;SPEEDLINK;4027301898989;Миша бездротова SPEEDLINK KAPPA Mouse - Wireless USB, black;1.49;2.19;8471607000;ожидается
SL-630011-BE;SPEEDLINK;4027301413915;Миша бездротова SPEEDLINK KAPPA Mouse - Wireless USB, blue;1.49;2.19;8471607000;Y
SL-630011-RD;SPEEDLINK;4027301181067;Миша бездротова SPEEDLINK KAPPA Mouse - Wireless USB, red;1.49;2.19;8471607000;Y
SL-630000-BKBK;SPEEDLINK;4027301464023;Миша бездротова SPEEDLINK LEDGY Mouse - wireless, black-black;2.09;2.60;8471607000;N
SL-630000-BKRD;SPEEDLINK;4027301591767;Миша бездротова SPEEDLINK LEDGY Mouse - wireless, black-red;2.09;2.60;8471607000;N
SL-630000-BKWE;SPEEDLINK;4027301790764;Миша бездротова SPEEDLINK LEDGY Mouse - wireless, black-white;1.03;1.29;8471607000;N
SL-680001-BKRD;SPEEDLINK;4027301594515;Миша дротова SPEEDLINK AKLYS Gaming Mouse, black-red;3.19;3.69;8471607000;N
SL-680007-BK;SPEEDLINK;4027301441147;Миша дротова SPEEDLINK ASSERO Gaming Mouse, black;2.92;3.89;8471607000;Y
SL-680002-BKRD;SPEEDLINK;4027301853759;Миша дротова SPEEDLINK CONTUS Gaming Mouse, black-red;3.99;4.99;8471607000;N
SL-6397-BKBK-01;SPEEDLINK;4027301139662;Миша дротова SPEEDLINK DECUS Gaming Mouse - Limited Edition, black-black;8.12;10.00;8471607000;N
SL-6397-BK;SPEEDLINK;4027301464634;Миша дротова SPEEDLINK DECUS Gaming Mouse, black;8.96;10.93;8471607000;N
SL-6397-BK-01;SPEEDLINK;4027301219449;Миша дротова SPEEDLINK DECUS Gaming Mouse, black-red;8.12;10.00;8471607000;N
SL-680005-BKRD;SPEEDLINK;4027301186819;Миша дротова SPEEDLINK DECUS RESPEC Gaming Mouse, black-red;5.61;6.99;8471607000;N
SL-610006-BK;SPEEDLINK;4027301821598;Миша дротова SPEEDLINK GARRIDO Illuminated Mouse, black;2.39;2.99;8471607000;Y
SL-610010-BK;SPEEDLINK;4027301277142;Миша дротова SPEEDLINK JIXSTER Mouse, black;0.81;1.00;8471607000;N
SL-610011-BK;SPEEDLINK;4027301353037;Миша дротова SPEEDLINK KAPPA Mouse - USB, black;0.89;1.49;8471607000;Y
SL-610011-BE;SPEEDLINK;4027301539899;Миша дротова SPEEDLINK KAPPA Mouse - USB, blue;0.89;1.50;8471607000;Y
SL-610011-RD;SPEEDLINK;4027301201338;Миша дротова SPEEDLINK KAPPA Mouse - USB, red;0.89;1.50;8471607000;Y
SL-610000-BKBK;SPEEDLINK;4027301236347;Миша дротова SPEEDLINK LEDGY Mouse - wired, black-black;1.45;1.60;8471607000;N
SL-610000-BKRD;SPEEDLINK;4027301805970;Миша дротова SPEEDLINK LEDGY Mouse - wired, black-red;1.45;1.60;8471607000;N
SL-610000-BKWE;SPEEDLINK;4027301418613;Миша дротова SPEEDLINK LEDGY Mouse - wired, black-white;1.45;1.60;8471607000;N
SL-6393-BK;SPEEDLINK;4027301165142;Миша дротова SPEEDLINK LEDOS Gaming Mouse, black;3.24;3.99;8471607000;N
SL-6393-RD;SPEEDLINK;4027301823080;Миша дротова SPEEDLINK LEDOS Gaming Mouse, red;4.64;5.09;8471607000;N
SL-6393-WE;SPEEDLINK;4027301687392;Миша дротова SPEEDLINK LEDOS Gaming Mouse, white;2.68;2.99;8471607000;N
SL-6114-BE;SPEEDLINK;4027301198287;Миша дротова SPEEDLINK MICU Mouse - USB, blue;1.45;1.70;8471607000;N
SL-610001-BK;SPEEDLINK;4027301453188;Миша дротова SPEEDLINK OBSIDIA Ergonomic Mouse, black;4.22;4.99;8471607000;N
SL-680006-BKRD;SPEEDLINK;4027301857092;Миша дротова SPEEDLINK OMNIVI Core Gaming Mouse, red-black;14.79;15.99;8471607000;N
SL-6111-GY;SPEEDLINK;4027301161113;Миша дротова SPEEDLINK RELIC USB;0.76;1.00;8471607000;N
SL-610003-BE;SPEEDLINK;4027301315165;Миша дротова SPEEDLINK SNAPPY Mouse, blue;0.47;0.60;8471607000;N
SL-610003-RD;SPEEDLINK;4027301105681;Миша дротова SPEEDLINK SNAPPY Mouse, red;0.47;0.60;8471607000;N
SL-610003-TE;SPEEDLINK;4027301586084;Миша дротова SPEEDLINK SNAPPY Mouse, turquoise;1.36;1.70;8471607000;N
SL-680008-BKBK;SPEEDLINK;4027301593839;Миша дротова SPEEDLINK TORN Gaming Mouse, black-black;4.20;5.99;8471607000;Y
SL-680008-BKRD;SPEEDLINK;4027301892000;Миша дротова SPEEDLINK TORN Gaming Mouse, black-red;4.20;5.99;8471607000;ожидается
SL-680009-BKRD;SPEEDLINK;4027301181913;Миша дротова SPEEDLINK XITO Gaming Mouse, black-red;2.85;3.69;8471607000;Y
SL-8703-BK;SPEEDLINK;4027301472134;Мікрофон SPEEDLINK CAPO Desk and Hand Microphone, black;1.98;2.49;8518109590;N
SL-8702-BK;SPEEDLINK;4027301307467;Мікрофон SPEEDLINK PURE Desktop Voice Microphone, black;1.18;1.49;8518109590;N
SL-8691-SBK-01;SPEEDLINK;4027301289619;Мікрофон SPEEDLINK SPES Clip-On Microphone, black;1.59;1.99;8518109590;Y
SL-160002;SPEEDLINK;4027301793161;Набір інструментів SPEEDLINK TAYLOR M Electronics Toolkit Plus;3.19;3.99;8205909000;Y
SL-4524-MTCL;SPEEDLINK;4027301262872;Набір накладок для кнопок SPEEDLINK STIX Controller Cap Set - for PS4, multicolor;0.81;0.99;4016999790;N
SL-7270-BK;SPEEDLINK;4027301074703;Перчатки SPEEDLINK для сенсорних екранів CALOR Touchscreen Gloves - размір 6-8 (M), Black;0.87;1.01;6116990000;N
SL-4525-BK;SPEEDLINK;4027301876611;Підставка SPEEDLINK STACK Vertical Stand - for PS4, black;2.90;3.65;8473308000;N
SL-450000-BK;SPEEDLINK;4027301145632;Пристрій живлення SPEEDLINK JAZZ USB Charger - for PS4, black;3.39;4.00;8504405500;Y
SL-4511-BK;SPEEDLINK;4027301166644;Пристрій живлення SPEEDLINK TWINDOCK Charging System - for PS4, black;4.96;5.60;8504405500;N
SL-7401-WE;SPEEDLINK;4027301216882;Указка лазерна SpeedLink VISER Laser Pointer, колір-білий;1.74;1.93;9013200000;N
FP-6100;SPEEDLINK;4027301161007;Ялинка SPEEDLINK Illuminated USB-Christmas-Tree, ізнокольрова світлодіодна підсвітка;1.16;1.66;9405409900;N
49939;Verbatim;023942499398;Батарейка Verbatim 23AE (MN21/A23) Battery Alkaline 12V 2 Pack;0.27;0.35;8506501000;Y
49924;Verbatim;023942499244;Батарейка Verbatim ALKALINE BATTERY 9V 1 Pack;0.33;0.77;8506101800;Y
49921;Verbatim;023942499213;Батарейка Verbatim ALKALINE BATTERY AA 4 Pack;0.26;0.56;8506101100;N
49920;Verbatim;023942499206;Батарейка Verbatim ALKALINE BATTERY AAA 4 Pack;0.26;0.56;8506101100;N
49922;Verbatim;023942499220;Батарейка Verbatim ALKALINE BATTERY C 2 Pack;0.38;0.74;8506101100;N
49923;Verbatim;023942499237;Батарейка Verbatim ALKALINE BATTERY D 2 Pack;0.54;1.17;8506101100;Y
49936;Verbatim;0023942499367;Батарейка Verbatim CR2032 Battery Lithium 3V 2 Pack;0.24;0.32;8506501000;N
49938;Verbatim;023942499381;Батарейка Verbatim CR2450 Battery Lithium 3V 2 Pack;0.44;0.59;8506501000;N
43497;Verbatim;023942434979;Диск Verbatim DVD+R 5 Pack Jewel Case AZO 4.7GB 16X Matt Silver;0.30;0.35;8523413000;Y
43706;Verbatim;023942437062;Диск Verbatim DVD-R 5 Pack Jewel Case SECURESAVE DVD Up to 4.5GB;1.18;1.30;8523413000;N
44125;Verbatim;023942441250;Маркери Verbatim MULTI MEDIA MARKER 2шт/PACK (BLACK/RED);0.27;0.32;9608200000;Y
44120;Verbatim;023942441205;Маркери Verbatim MULTI MEDIA MARKER 4шт/PACK (BLACK/RED/BLUE/GREEN);0.27;0.32;9608200000;Y
97931;Verbatim;023942979319;Пристрій живлення Verbatim  Power Pack AA, 5В, макс. 1000 мА;0.74;0.83;8507808000;N
49854;Verbatim;023942498544;Рюкзак Verbatim Melbourne — рюкзак для фотокамери і ноутбука з діагоналлю 16 дюймів;20.36;25.96;4202921900;N
49853;Verbatim;023942498537;Рюкзак Verbatim Stockholm — рюкзак для ноутбуків з діагоналлю 16 дюймів;16.82;22.13;4202921900;N
